name,danceability,energy,key,loudness,mode,speechiness,acousticness,instrumentalness,liveness,valence,tempo
00 all yours,0.583,0.569,7.0,-7.9775,1.0,0.036,0.37,0.0006942000000000001,0.111,0.552,114.7475
00 alright,0.612,0.702,2.0,-5.707,1.0,0.0528,0.0908,2.18e-05,0.0806,0.502,122.804
00 another dream,0.714,0.63,5.0,-6.345000000000001,1.0,0.0363,0.135,6.7e-06,0.132,0.7775000000000001,115.9975
00 before you go,0.518,0.34099999999999997,5.0,-9.089,1.0,0.04115,0.627,0.0,0.1105,0.233,124.113
00 call it love,0.551,0.758,2.0,-7.385,1.0,0.0352,0.0878,9.91e-05,0.096,0.547,118.02
00 change,0.476,0.291,6.0,-10.612,1.0,0.0292,0.697,0.000703,0.104,0.171,112.305
00 congratulations,0.549,0.705,8.0,-5.6675,1.0,0.0464,0.0279,2.2400000000000002e-05,0.192,0.241,117.148
00 deserve,0.386,0.346,4.0,-9.628,1.0,0.0327,0.632,0.000118,0.126,0.178,128.376
00 do you,0.562,0.449,9.0,-9.868,1.0,0.0601,0.27649999999999997,1.26e-05,0.143,0.223,124.852
00 don't forget me,0.40349999999999997,0.2905,7.0,-10.9465,1.0,0.03,0.687,0.006595,0.127,0.239,93.17
00 don't say that you love me then make other plans,0.4945,0.3755,3.5,-10.588999999999999,1.0,0.0322,0.814,0.0186,0.11,0.319,128.836
00 dream about me,0.6,0.342,3.0,-9.785,1.0,0.0338,0.446,0.00333,0.107,0.511,118.358
00 everything,0.6045,0.505,8.0,-9.067,1.0,0.031599999999999996,0.47600000000000003,0.033625,0.1215,0.436,114.965
00 everything changes,0.397,0.225,7.0,-13.365,1.0,0.0392,0.83,0.000449,0.0945,0.331,132.57
00 expectations,0.617,0.498,7.0,-8.589500000000001,1.0,0.03585,0.339,0.000358,0.121,0.363,144.99
00 feel like hell,0.55,0.33,1.0,-8.413,1.0,0.0317,0.608,0.000172,0.105,0.407,134.936
00 fever,0.517,0.265,3.0,-11.5915,1.0,0.03465,0.757,0.000182,0.11649999999999999,0.172,129.0885
00 forgetting,0.435,0.381,5.0,-9.436,1.0,0.033,0.717,6.49e-06,0.112,0.461,118.327
00 fuck me i’m falling apart,0.483,0.2455,6.5,-15.12,1.0,0.0348,0.734,0.015065,0.112,0.314,123.13050000000001
00 ghost,0.481,0.201,2.5,-12.217,1.0,0.0343,0.882,0.00248,0.112,0.159,118.383
00 good heart,0.494,0.511,4.0,-9.37,1.0,0.033,0.647,0.000577,0.1095,0.438,112.606
00 good to be in love,0.517,0.526,6.0,-7.578,1.0,0.04055,0.385,0.0377,0.11249999999999999,0.3285,137.866
00 half the time,0.449,0.35550000000000004,5.0,-12.117,1.0,0.0328,0.8009999999999999,0.007500000000000001,0.121,0.242,92.438
00 haunted dreams,0.447,0.312,5.0,-10.5885,1.0,0.0317,0.774,0.0001103,0.10164999999999999,0.242,127.726
00 hold me forever,0.48,0.442,5.0,-8.184,1.0,0.0287,0.604,0.000674,0.112,0.258,111.709
00 how can i be,0.586,0.651,6.0,-6.844,1.0,0.06,0.08245,1.98e-05,0.13,0.687,164.024
00 i forgive but i forget,0.537,0.501,5.0,-9.478,1.0,0.0347,0.589,0.0259,0.1,0.421,125.609
00 i hope i never lose you,0.514,0.327,9.0,-11.807,1.0,0.03315,0.901,0.0007754,0.115,0.306,121.917
00 i keep thinking,0.666,0.515,2.0,-8.086,1.0,0.0448,0.191,0.00036,0.117,0.367,94.007
00 i love you but enough is enough,0.536,0.182,2.0,-11.945,1.0,0.0408,0.917,0.000977,0.111,0.236,119.841
00 i love you more,0.499,0.296,2.0,-12.101,1.0,0.030449999999999998,0.6255,0.0015300000000000001,0.116,0.276,102.369
00 i used to,0.481,0.268,7.0,-13.919,1.0,0.0364,0.684,0.0112,0.111,0.28,118.996
00 i was dreaming,0.421,0.897,7.0,-6.25,1.0,0.0539,0.0316,0.0501,0.277,0.519,140.023
00 i wasn't looking for you,0.596,0.30300000000000005,2.0,-10.683,1.0,0.0313,0.7755000000000001,0.002515,0.09995000000000001,0.34750000000000003,93.95
00 i wish i knew you wanted me,0.74,0.5509999999999999,6.5,-6.3165,1.0,0.104,0.1865,2.56e-05,0.28400000000000003,0.7,120.024
00 i would never,0.518,0.333,6.0,-11.702,1.0,0.0303,0.494,0.000119,0.149,0.265,119.131
00 if i ever,0.54,0.26,3.0,-13.61,1.0,0.0336,0.841,0.00553,0.12,0.3365,92.413
00 in the glass,0.476,0.318,6.0,-10.612,1.0,0.031,0.612,0.000906,0.102,0.29100000000000004,137.358
00 is it casual now,0.564,0.605,2.0,-7.022,1.0,0.052,0.40549999999999997,1.25e-05,0.0953,0.3,118.872
00 just true,0.519,0.3015,7.0,-10.07,1.0,0.03325,0.657,0.000145,0.1205,0.377,134.936
00 keep me,0.48,0.27,5.5,-11.649,1.0,0.0373,0.8845000000000001,0.0008355,0.144,0.427,112.592
00 keep time,0.476,0.241,6.0,-11.512,1.0,0.0314,0.896,0.000703,0.132,0.19,123.879
00 let it go,0.508,0.327,9.0,-11.702,1.0,0.0307,0.789,2.24e-05,0.11,0.265,119.756
00 let the world turn,0.489,0.43,4.0,-9.105,1.0,0.0357,0.462,0.00107,0.0923,0.484,135.543
00 long run,0.514,0.417,9.0,-9.176,1.0,0.0314,0.354,0.00145,0.115,0.531,115.422
00 lover's spit,0.525,0.494,4.0,-9.451,1.0,0.0336,0.524,0.0799,0.135,0.213,121.828
00 me and you,0.793,0.659,9.0,-6.122,0.0,0.08755,0.0535,0.00114,0.11854999999999999,0.6765000000000001,116.981
00 never,0.532,0.399,4.5,-9.664,1.0,0.0312,0.677,0.00117,0.121,0.274,130.038
00 no fool,0.5529999999999999,0.34850000000000003,6.0,-12.5795,1.0,0.0358,0.8705,0.0135,0.1125,0.3545,113.984
00 nothing’s gonna happen,0.505,0.84,7.0,-5.172,1.0,0.0531,0.0334,2.4225e-05,0.139,0.363,112.4905
00 on my mind,0.392,0.645,2.0,-7.564,1.0,0.035,0.05295,0.0119,0.117,0.325,133.6855
00 our love,0.614,0.254,6.0,-13.089,1.0,0.0339,0.73,0.000945,0.1055,0.34950000000000003,110.045
00 painless,0.48,0.61,2.0,-7.598,1.0,0.03535,0.2835,0.021805,0.0915,0.522,132.407
00 plans,0.482,0.419,5.0,-9.208,1.0,0.0329,0.324,1.93e-05,0.108,0.41,95.972
00 precious,0.564,0.546,2.0,-7.578,1.0,0.0326,0.195,2.64e-05,0.111,0.529,104.996
00 promise,0.5954999999999999,0.28,3.0,-11.816,1.0,0.03985,0.7235,0.00411,0.121,0.265,109.84
00 put into words,0.417,0.291,7.0,-11.512,1.0,0.0323,0.83,0.000674,0.108,0.384,116.02
00 remember,0.514,0.435,8.0,-8.278,1.0,0.0294,0.449,0.000302,0.124,0.441,122.676
00 remind me,0.421,0.245,2.5,-11.315,1.0,0.0338,0.59,0.00226,0.118,0.239,84.699
00 restless,0.605,0.431,7.5,-7.657,1.0,0.02945,0.677,0.000699,0.1235,0.243,116.993
00 satisfied,0.53,0.322,3.0,-8.922,1.0,0.0336,0.488,0.000386,0.118,0.275,130.96
00 see you again,0.576,0.632,5.0,-6.261,1.0,0.036,0.0862,0.00018,0.107,0.533,104.055
00 silence,0.517,0.641,6.0,-7.244,1.0,0.0342,0.20534999999999998,0.00953,0.1035,0.308,131.4605
00 slow down,0.47,0.55,6.0,-7.323,1.0,0.0336,0.172,0.0617,0.113,0.506,104.996
00 something i said,0.564,0.396,2.0,-8.734,1.0,0.042,0.257,0.00149,0.105,0.351,123.955
00 soon,0.442,0.321,4.0,-8.83,1.0,0.028749999999999998,0.189,0.000451,0.102,0.171,122.277
00 sooner or later,0.5325,0.1885,4.0,-13.975,1.0,0.034,0.884,0.00154,0.12,0.259,117.012
00 summer girl,0.674,0.691,3.0,-5.817,1.0,0.036,0.0549,0.00326,0.321,0.816,117.11
00 thank you,0.514,0.548,5.0,-8.125,1.0,0.0321,0.371,4.82e-05,0.133,0.235,108.741
00 the real thing,0.5945,0.61,6.0,-7.307499999999999,1.0,0.0332,0.19,0.0016175,0.125,0.465,121.015
00 the way it feels,0.584,0.453,7.0,-9.37,1.0,0.0342,0.5475,6.47e-05,0.0945,0.384,104.03
00 think about it,0.531,0.357,2.0,-8.48,1.0,0.0315,0.339,0.000303,0.112,0.303,129.753
00 this much,0.5,0.351,2.0,-10.96,1.0,0.0374,0.782,0.0297,0.101,0.331,129.879
00 time cast a spell on you,0.424,0.464,5.0,-9.152,1.0,0.0338,0.252,0.0054335,0.118,0.217,81.392
00 together,0.486,0.493,6.0,-8.263,1.0,0.0338,0.175,0.000807,0.1735,0.30100000000000005,105.946
00 turn me down,0.463,0.229,1.5,-11.879,1.0,0.032299999999999995,0.926,0.00192,0.11,0.2135,117.013
00 unconditional,0.447,0.3165,6.0,-11.8605,1.0,0.0327,0.524,0.153,0.114,0.2295,108.16999999999999
00 wait for me,0.554,0.599,5.0,-8.731,1.0,0.035,0.2445,0.00231,0.107,0.348,136.951
00 woke from a dream in which you’d left me,0.471,0.229,2.0,-13.158,1.0,0.0378,0.908,0.000977,0.111,0.241,117.98949999999999
00 you're all i need,0.566,0.579,5.0,-7.554,1.0,0.0288,0.189,0.000906,0.121,0.401,87.312
007 all this time // taste for the relevant,0.712,0.6275,5.0,-6.907,0.5,0.11599999999999999,0.0567,0.000355,0.106,0.556,93.408
01 dream of you,0.6205,0.679,3.5,-6.567,1.0,0.0499,0.242,2.9695e-05,0.114,0.621,116.32050000000001
02 if forever never comes,0.48150000000000004,0.5285,4.0,-7.4085,1.0,0.03445,0.424,0.001588,0.1023,0.326,119.2645
03 just one word,0.5760000000000001,0.579,7.0,-9.1805,1.0,0.12869999999999998,0.3625,0.0008825,0.139,0.2965,111.47649999999999
04 take it back,0.589,0.681,4.0,-7.103,1.0,0.0358,0.0673,6.69e-05,0.109,0.414,109.011
05 too hard to say,0.527,0.802,2.0,-5.64,1.0,0.0438,0.135,1.61e-05,0.152,0.495,105.822
06 you make me feel,0.5860000000000001,0.55,7.0,-7.18,1.0,0.04145,0.445,0.0004725,0.107,0.3715,118.916
07 slow motion,0.623,0.65,8.0,-7.634,0.0,0.0423,0.0457,0.00318,0.103,0.283,107.988
08 enough is enough,0.5535000000000001,0.3255,7.0,-12.9795,1.0,0.03985,0.8089999999999999,0.27999999999999997,0.107,0.379,118.43950000000001
09 drive you crazy,0.669,0.697,7.0,-6.407,0.0,0.0426,0.0461,0.000822,0.0993,0.542,125.037
10 the funk shall be within you,0.757,0.722,5.0,-6.099,1.0,0.0886,0.0544,5.5e-05,0.127,0.706,108.897
100 the end,0.54,0.639,7.0,-7.277,1.0,0.04105,0.14900000000000002,0.003475,0.113,0.3235,106.3385
101 queen of corona,0.5895,0.606,6.0,-9.533000000000001,1.0,0.0379,0.26949999999999996,0.0827,0.1011,0.345,137.6105
102 the city,0.373,0.435,9.0,-10.225,1.0,0.0408,0.73,0.0082,0.107,0.327,137.866
103 fool myself,0.602,0.714,4.0,-6.942,1.0,0.0465,0.271,2.16e-05,0.111,0.626,124.511
104 turn away,0.443,0.528,7.0,-10.4,1.0,0.0329,0.349,0.0027,0.14,0.442,115.19
105 work of art,0.6040000000000001,0.7245,5.0,-6.1015,1.0,0.04235,0.034865,0.00022805000000000001,0.129,0.493,128.2985
106 let's pretend,0.519,0.349,6.0,-9.488,1.0,0.0321,0.315,0.00304,0.115,0.298,111.441
107 love-line,0.49,0.435,7.0,-9.664,1.0,0.0326,0.486,0.00322,0.089,0.475,136.948
108 tidal wave,0.4685,0.538,3.0,-7.5695,1.0,0.029949999999999997,0.2385,3.56e-05,0.1175,0.249,125.81200000000001
109 after love,0.652,0.71,6.0,-7.885,1.0,0.0467,0.0728,3.72e-06,0.0866,0.669,113.61
11 state of the art,0.554,0.541,7.0,-10.215,0.0,0.0591,0.185,7.69e-06,0.16,0.483,89.804
110 symphony,0.5,0.433,4.0,-10.906,1.0,0.0433,0.317,0.0119,0.123,0.466,92.413
111 things never change,0.5165,0.718,7.0,-6.4615,1.0,0.03635,0.03867,0.0032185,0.10345,0.395,145.5145
112 modern lover,0.722,0.571,7.0,-7.123,1.0,0.0543,0.0603,9.85e-06,0.104,0.412,97.494
113 possessing/caressing,0.527,0.58,4.0,-7.409,1.0,0.0329,0.258,8.5e-05,0.107,0.506,129.881
114 change the channel,0.612,0.7185,3.5,-5.6,1.0,0.0427,0.0626,0.01737,0.09685,0.46199999999999997,99.972
115 cold coffee,0.562,0.437,0.0,-8.96,1.0,0.052,0.267,2.18e-05,0.1065,0.28300000000000003,124.852
116 set yourself free,0.45699999999999996,0.5015000000000001,1.5,-8.653500000000001,0.5,0.033,0.163,0.00785,0.137,0.3005,111.545
117 all night long,0.5845,0.861,5.0,-7.559,1.0,0.0412,0.2095,0.004441499999999999,0.1285,0.7835000000000001,117.047
118 whatever happens,0.654,0.467,2.0,-10.004,1.0,0.0523,0.208,0.0318,0.111,0.312,137.848
119 war in here,0.568,0.716,5.0,-6.214,1.0,0.0316,0.183,8.71e-05,0.122,0.331,120.368
12 where we left off,0.603,0.669,5.0,-5.869,1.0,0.0888,0.127,0.00144,0.156,0.318,110.125
120 honey,0.535,0.518,4.0,-9.119,1.0,0.0301,0.366,8.72e-06,0.117,0.385,95.345
121 history,0.542,0.654,2.0,-6.423,0.0,0.0446,0.0937,0.00289,0.128,0.376,128.579
122 two boys,0.64,0.65,6.0,-6.619,1.0,0.0321,0.0972,0.00411,0.14,0.668,116.879
123 if i should fall,0.47250000000000003,0.5700000000000001,7.0,-7.923,1.0,0.035949999999999996,0.218,0.005885,0.11349999999999999,0.353,135.245
124 either/or,0.485,0.725,4.5,-9.6665,0.5,0.0595,0.4205,0.38375,0.14350000000000002,0.389,104.1645
125 lived in love,0.61,0.5409999999999999,4.0,-7.7379999999999995,1.0,0.09625,0.264,0.0005495,0.3245,0.45899999999999996,106.79849999999999
126 angel,0.56,0.429,5.0,-9.988,1.0,0.0356,0.838,0.0698,0.115,0.319,105.883
127 warm embrace,0.451,0.504,6.0,-8.518,1.0,0.0368,0.696,0.000191,0.118,0.213,122.544
128 where you belong,0.429,0.231,6.0,-12.89,1.0,0.0333,0.839,9.65e-05,0.112,0.158,100.836
129 the way i do,0.545,0.669,7.0,-8.8615,1.0,0.0372,0.2411,0.000822,0.126,0.38849999999999996,120.455
13 i resolve to love,0.6839999999999999,0.6185,6.0,-7.27,1.0,0.0393,0.0259,5.235e-05,0.1045,0.581,113.525
130 for this world,0.686,0.482,5.0,-9.78,1.0,0.0493,0.372,0.00445,0.11,0.321,99.017
131 can’t forget her,0.546,0.822,5.0,-5.916,1.0,0.0401,0.00384,0.000147,0.115,0.59,135.162
132 lately,0.40249999999999997,0.3705,5.0,-11.35,0.5,0.044050000000000006,0.7035,0.000366,0.123,0.4175,113.37950000000001
133 watch out,0.615,0.5055000000000001,7.0,-8.5075,0.5,0.07425,0.29500000000000004,0.0,0.10350000000000001,0.3875,109.408
134 made to break,0.5509999999999999,0.5165,5.5,-7.785,1.0,0.03535,0.483,0.007330000000000001,0.1245,0.359,105.4055
135 magic,0.48,0.368,6.0,-8.405,1.0,0.0393,0.306,0.000122,0.135,0.245,111.764
136 x-rays,0.564,0.37,2.0,-10.199,1.0,0.0323,0.726,0.0173,0.112,0.224,118.293
137 as good as it was,0.625,0.792,6.0,-5.68,1.0,0.0415,0.0881,0.000576,0.107,0.514,124.982
138 barely real,0.5395000000000001,0.659,3.5,-7.199,1.0,0.0319,0.07835,0.0279,0.112,0.349,107.6245
139 cradle,0.6255,0.7635000000000001,5.5,-6.211,0.5,0.0401,0.06394999999999999,0.0008910000000000001,0.1565,0.8835,115.0675
14 inception,0.478,0.4935,5.0,-9.349499999999999,1.0,0.128,0.343,0.002667,0.1045,0.233,84.8285
140 true religion,0.498,0.457,5.0,-8.645,1.0,0.0389,0.53,0.00174,0.119,0.348,90.377
141 stars align,0.6835,0.5565,5.5,-5.8325,1.0,0.06820000000000001,0.1945,9.2525e-05,0.103,0.4925,111.8635
142 days go by,0.558,0.422,2.0,-11.404,1.0,0.0333,0.726,0.102,0.108,0.383,106.328
143 sirens,0.6165,0.689,7.5,-6.694,1.0,0.057300000000000004,0.0146,2.725e-06,0.1225,0.3625,119.0475
144 harder times,0.516,0.30200000000000005,2.5,-10.618500000000001,1.0,0.03295,0.702,0.0005009999999999999,0.109,0.2605,124.6565
145 mad love,0.5489999999999999,0.4835,3.0,-8.725,1.0,0.03475,0.26,0.0004502,0.119,0.275,126.654
146 magic hour,0.448,0.5145,6.0,-7.6845,1.0,0.0304,0.127,0.00473,0.109,0.316,112.56700000000001
147 in the dark,0.728,0.493,6.0,-9.812,0.0,0.045149999999999996,0.262,0.0016150000000000001,0.211,0.541,116.53999999999999
148 are we strangers now,0.581,0.332,8.0,-11.33,1.0,0.0331,0.828,0.00682,0.118,0.457,134.706
149 our love is a ghost,0.626,0.545,2.0,-6.42,1.0,0.0625,0.0892,0.0125,0.0933,0.491,129.979
15 what you need the most,0.67,0.718,5.0,-5.599,0.0,0.0338,0.174,0.000389,0.111,0.661,96.017
150 do it all again,0.562,0.506,2.5,-7.359500000000001,1.0,0.0474,0.219,2.66e-05,0.10075,0.33899999999999997,124.852
151 cursive,0.4725,0.424,6.5,-10.555499999999999,1.0,0.0374,0.7815,0.000827,0.144,0.23349999999999999,136.078
152 there was a time,0.339,0.296,0.0,-10.78,1.0,0.0316,0.83,0.000636,0.116,0.16,125.051
153 it all comes to nothing,0.5585,0.6355,2.0,-9.3315,1.0,0.0352,0.0277,0.0259,0.2495,0.4375,110.20349999999999
154 let go,0.40349999999999997,0.528,3.0,-6.741,1.0,0.0349,0.127,0.00705,0.102,0.299,149.4905
155 two steps back,0.661,0.652,7.0,-7.056,0.0,0.0483,0.132,0.000324,0.0671,0.556,102.967
156 body and blood,0.4755,0.311,4.0,-14.451,1.0,0.0353,0.731,0.030100000000000002,0.111,0.34199999999999997,93.1255
157 old familiar place,0.4215,0.5285,3.5,-8.8765,1.0,0.0343,0.3745,0.000383,0.112,0.353,122.673
158 being alone,0.54,0.615,7.5,-9.264,1.0,0.05115,0.20800000000000002,0.01885,0.1225,0.295,110.572
159 too long,0.5285,0.573,4.0,-9.027000000000001,1.0,0.0348,0.1525,0.0007535,0.10164999999999999,0.5275,126.483
16 reciprocity,0.587,0.5509999999999999,7.5,-8.355,0.0,0.0527,0.14800000000000002,2.08e-05,0.1085,0.3955,98.9165
160 read your mind,0.647,0.458,3.0,-9.797,1.0,0.0439,0.555,0.00791,0.119,0.268,120.141
161 ivy league,0.673,0.621,5.0,-6.902,1.0,0.114,0.319,4.9e-06,0.112,0.469,120.404
162 meant to be,0.374,0.441,6.5,-9.272,1.0,0.034199999999999994,0.5145,0.0342,0.1025,0.242,113.8925
163 red light,0.5754999999999999,0.7769999999999999,6.0,-5.566,1.0,0.039599999999999996,0.01235,0.00043599999999999997,0.136,0.656,122.92500000000001
164 when it's over,0.46799999999999997,0.2995,4.5,-13.748000000000001,1.0,0.0405,0.8365,4.38e-05,0.1225,0.3375,111.989
165 house of mirrors,0.537,0.652,4.0,-6.759,1.0,0.0317,0.256,9.56e-05,0.1315,0.41200000000000003,128.331
166 all the stars,0.649,0.669,4.5,-6.691000000000001,0.0,0.06795,0.1305,7.8e-07,0.09495,0.5705,101.5095
167 friday nights,0.659,0.5125,5.0,-9.8845,1.0,0.04435,0.2215,1.8e-05,0.17049999999999998,0.6915,110.924
168 constellations,0.4105,0.645,0.5,-8.042,1.0,0.035,0.196,0.07353499999999999,0.1134,0.3215,134.1985
169 ups and downs,0.642,0.721,5.0,-6.812,1.0,0.0616,0.132,1.04e-05,0.222,0.505,115.035
17 all we ever need,0.518,0.586,5.0,-4.57,1.0,0.041,0.0998,7.33e-06,0.194,0.345,128.824
170 out of love,0.4225,0.47,4.0,-9.556000000000001,1.0,0.0506,0.833,0.00841,0.104,0.29200000000000004,84.24350000000001
171 the chosen few,0.489,0.543,2.0,-8.203,1.0,0.0343,0.296,0.000649,0.123,0.427,114.965
172 the morning after,0.499,0.454,2.0,-7.36,1.0,0.0438,0.718,0.00167,0.105,0.331,116.888
173 premonitions,0.604,0.7915,8.0,-6.1165,1.0,0.035,0.16924999999999998,0.0013985,0.08565,0.421,122.2965
174 one track mind,0.552,0.531,4.0,-8.45,1.0,0.106,0.497,5.21e-05,0.126,0.324,95.181
175 heavenly,0.43,0.686,7.0,-7.557,1.0,0.0368,0.361,8.42e-05,0.136,0.425,146.83
176 close to you,0.728,0.6890000000000001,6.5,-5.5245,1.0,0.04825,0.087,2.73e-05,0.1003,0.773,121.4195
177 first kiss,0.567,0.43,4.0,-9.105,1.0,0.0466,0.462,0.000191,0.117,0.274,108.741
178 chrysalis,0.66,0.5285,6.0,-9.271,1.0,0.033600000000000005,0.2455,0.0004915,0.10155,0.4245,114.4585
179 take back your love,0.546,0.64,5.0,-7.404,1.0,0.0382,0.242,0.000371,0.102,0.532,132.151
18 sometimes i wonder,0.5885,0.3425,6.0,-10.481,1.0,0.05925,0.6525000000000001,1.335e-06,0.1062,0.477,94.9135
180 my favorite part,0.62,0.5475000000000001,8.0,-7.6325,1.0,0.10835,0.3205,4.46e-06,0.1085,0.5375,107.93950000000001
181 i'm alive,0.4515,0.53,5.0,-6.933,1.0,0.0332,0.035199999999999995,0.0009685,0.1465,0.593,121.4685
182 marching,0.556,0.5854999999999999,1.5,-6.9,1.0,0.188,0.11235,0.0,0.1115,0.485,138.833
183 that space and time,0.5015000000000001,0.45799999999999996,9.0,-8.658000000000001,0.5,0.06394999999999999,0.592,3.04e-05,0.103,0.475,104.80799999999999
184 the last time,0.559,0.724,7.0,-5.325,1.0,0.0816,0.0659,5.44e-05,0.0962,0.61,129.958
185 tight rope,0.7164999999999999,0.463,5.0,-6.994,1.0,0.0601,0.117,1.26e-06,0.10675000000000001,0.549,108.4575
186 come home,0.637,0.514,7.5,-7.8115000000000006,1.0,0.0318,0.16955,0.025249999999999998,0.1305,0.5765,119.4615
187 hemispheres,0.4435,0.5589999999999999,2.0,-8.137,1.0,0.04045,0.1915,0.0016849999999999999,0.124,0.4175,125.2945
188 pinky promise,0.541,0.651,3.0,-7.7475000000000005,1.0,0.03565,0.0127,0.003075,0.10750000000000001,0.45799999999999996,110.32249999999999
189 hard to get,0.484,0.6359999999999999,5.0,-9.403500000000001,1.0,0.032549999999999996,0.306,2.4e-05,0.1255,0.5655,103.068
19 into the night,0.6234999999999999,0.579,3.5,-8.913499999999999,1.0,0.0372,0.21550000000000002,0.00251,0.1085,0.3355,115.628
190 number one,0.41100000000000003,0.669,7.0,-7.797,1.0,0.03315,0.122,0.04025,0.1295,0.312,115.047
191 jukebox,0.527,0.6615,5.0,-6.0545,1.0,0.03455,0.02435,0.017905,0.1035,0.5680000000000001,129.9215
192 glory,0.669,0.581,7.0,-8.951,1.0,0.0924,0.337,1.51e-06,0.162,0.441,115.275
193 easy,0.534,0.6515,5.5,-6.5835,1.0,0.033,0.21250000000000002,2.415e-05,0.111,0.55,117.50450000000001
194 early morning,0.403,0.302,7.0,-10.154,1.0,0.0435,0.782,0.00483,0.1,0.304,131.792
195 icky,0.5694999999999999,0.6995,5.0,-6.872,1.0,0.124,0.1179,0.00016375,0.127,0.692,121.7145
196 thunder,0.583,0.549,5.0,-8.1335,1.0,0.03805,0.4225,0.018719999999999997,0.123,0.35,118.17699999999999
197 another life,0.623,0.542,4.0,-7.942,1.0,0.0617,0.278,6.63e-05,0.12,0.391,120.989
198 nostalgic,0.5905,0.6475,5.0,-8.5225,1.0,0.0348,0.1825,3.15e-05,0.09245,0.6045,120.98150000000001
199 call back,0.649,0.724,2.0,-6.24,1.0,0.0475,0.149,0.00243,0.152,0.647,119.994
20 take what you want,0.664,0.724,5.0,-6.907,1.0,0.107,0.1,1.39e-05,0.122,0.556,104.957
200 watch your mouth,0.6745000000000001,0.471,6.0,-8.9395,0.0,0.0592,0.459,7.915e-05,0.08754999999999999,0.4135,112.08699999999999
201 fim do caminho,0.481,0.3025,1.5,-13.699000000000002,1.0,0.0359,0.6579999999999999,0.01005,0.118,0.2345,136.913
202 venus,0.462,0.487,2.0,-6.722,1.0,0.0332,0.53,0.00205,0.117,0.287,120.032
"2022 releases i missed, whoopies!",0.574,0.587,6.0,-7.671,1.0,0.0372,0.269,0.00107,0.126,0.5,123.344
2022 wrapped,0.556,0.442,4.0,-9.451,1.0,0.0357,0.524,0.00126,0.111,0.396,123.964
2023 wrapped,0.5525,0.469,3.5,-8.9655,1.0,0.0395,0.452,0.0003095,0.114,0.384,114.955
203 believe,0.685,0.615,3.0,-6.552,1.0,0.0561,0.237,0.007,0.144,0.681,119.516
204 opposite of freedom,0.5914999999999999,0.5435,5.0,-7.6405,1.0,0.0361,0.41200000000000003,0.0268,0.1735,0.665,104.6305
205 rewind,0.6045,0.6405000000000001,8.5,-6.851000000000001,1.0,0.0353,0.28450000000000003,0.000185,0.114,0.654,121.413
206 champion,0.662,0.7075,1.5,-6.394,1.0,0.119,0.1199,0.0003185,0.11649999999999999,0.5775,108.311
207 hypnotized,0.542,0.482,7.5,-10.9315,1.0,0.035250000000000004,0.505,3.74e-05,0.101,0.48750000000000004,145.03
208 coffee shops,0.611,0.467,3.0,-8.031,1.0,0.0329,0.513,8.05e-06,0.109,0.4,126.407
209 go west,0.63,0.53,7.0,-10.916,1.0,0.0312,0.237,0.00642,0.105,0.49,142.2
21 all yours,0.716,0.541,5.0,-8.599,0.0,0.05155,0.21200000000000002,0.0013,0.146,0.475,104.968
210 heartland,0.536,0.695,4.0,-8.929,1.0,0.0412,0.213,0.00334,0.149,0.62,134.676
211 humanity,0.702,0.506,1.0,-8.8305,1.0,0.044700000000000004,0.274,0.00030754999999999997,0.14350000000000002,0.485,109.9135
212 overtones,0.5935,0.6985,3.0,-6.337,1.0,0.041249999999999995,0.06495000000000001,0.05165,0.14150000000000001,0.6045,119.4305
213 running away,0.6065,0.666,1.0,-6.462999999999999,1.0,0.038400000000000004,0.15,0.0294,0.1245,0.3315,127.5215
214 overflow,0.515,0.5005,7.0,-10.347999999999999,1.0,0.0344,0.532,0.012150000000000001,0.111,0.34850000000000003,115.4195
215 my neighborhood,0.518,0.804,6.0,-5.406,1.0,0.0395,0.0507,0.000233,0.299,0.581,124.014
216 girl like you,0.619,0.6205,6.5,-8.0775,0.0,0.05555,0.143,0.00245,0.149,0.5415,125.58449999999999
217 destroyed by love,0.518,0.521,1.0,-8.445,1.0,0.0371,0.053,0.45,0.117,0.195,128.039
218 belong to you,0.46950000000000003,0.5275000000000001,6.0,-8.401,1.0,0.05,0.2,0.004585,0.146,0.473,101.307
219 final destination,0.498,0.7095,6.5,-6.768000000000001,1.0,0.03655,0.11019999999999999,7.405e-05,0.112,0.47500000000000003,122.5435
22 everything i've got,0.538,0.576,7.0,-7.031,0.0,0.0396,0.179,5.83e-05,0.117,0.405,109.192
220 from the jump,0.744,0.644,8.0,-6.3345,1.0,0.16349999999999998,0.41000000000000003,0.0,0.1745,0.3485,106.7385
221 return,0.556,0.566,4.0,-8.519,1.0,0.0335,0.47,0.0009345,0.107,0.262,119.1685
222 for days,0.6385,0.528,4.0,-8.104500000000002,1.0,0.0437,0.1118,0.020704999999999998,0.1245,0.33099999999999996,119.5205
223 it all comes down,0.49,0.373,5.0,-11.816,1.0,0.0335,0.758,0.00154,0.162,0.374,117.042
224 something more,0.6965,0.654,5.0,-8.184,1.0,0.08005,0.251,5.2275e-05,0.09305,0.6054999999999999,102.0405
225 present to past,0.3655,0.2715,6.5,-11.214500000000001,1.0,0.03425,0.8395,0.508,0.14450000000000002,0.1555,112.172
226 fall apart,0.514,0.702,9.0,-5.189,1.0,0.0347,0.055,0.038,0.166,0.514,117.16
227 divide,0.5700000000000001,0.696,4.0,-5.297000000000001,1.0,0.0445,0.051949999999999996,0.00298,0.14,0.47050000000000003,128.467
228 take the leap,0.719,0.72,9.0,-5.644,1.0,0.043,0.0952,8.2e-05,0.112,0.683,117.912
229 old familiar places,0.5825,0.495,7.0,-8.32,1.0,0.03365,0.651,1.3320000000000001e-05,0.118,0.5435,135.53199999999998
23 is it real,0.587,0.7055,7.5,-7.1505,0.5,0.0858,0.216,0.00563855,0.137,0.395,142.493
230 together,0.514,0.47250000000000003,4.5,-8.54,1.0,0.03465,0.5285,0.14750000000000002,0.135,0.3305,117.997
231 back on my beat,0.7045,0.651,5.5,-6.3445,1.0,0.058649999999999994,0.122,0.004825,0.103,0.506,117.42500000000001
232 understood,0.5525,0.88,5.5,-5.7675,1.0,0.03755,0.0756,0.000748,0.1885,0.764,129.7235
233 lexicon,0.653,0.591,5.5,-8.3015,1.0,0.03955,0.2935,0.016065,0.10145,0.32399999999999995,116.339
234 greet me with goodbye,0.47350000000000003,0.5335,5.5,-7.5375,1.0,0.0456,0.614,0.00015945,0.1175,0.4165,127.452
235 messenger,0.459,0.529,7.0,-9.816,1.0,0.0364,0.388,6.47e-05,0.12,0.448,124.825
236 what have i done,0.46950000000000003,0.724,3.0,-9.030000000000001,0.0,0.045649999999999996,0.0867,0.5035,0.1295,0.4205,134.0365
237 useful and strange,0.655,0.5035000000000001,8.0,-8.3555,1.0,0.0318,0.177,0.001135,0.109,0.251,110.786
238 hustling,0.639,0.6174999999999999,3.0,-7.1739999999999995,0.0,0.157,0.33399999999999996,2.225e-06,0.1355,0.5285,145.14249999999998
239 too late,0.619,0.7875,2.5,-6.2785,1.0,0.05445,0.043399999999999994,0.03277,0.11,0.47850000000000004,118.012
24 love is not just a verb,0.6185,0.522,6.5,-8.244,0.0,0.0923,0.1975,5.68e-05,0.109,0.42700000000000005,116.22200000000001
240 ecstasy,0.649,0.553,4.0,-6.183,1.0,0.0409,0.0345,0.000364,0.113,0.577,120.995
241 doing fine,0.534,0.414,4.0,-7.952,1.0,0.0307,0.487,0.0271,0.111,0.399,107.019
242 take me away,0.578,0.448,2.0,-9.513,0.0,0.0666,0.737,0.000272,0.129,0.513,103.914
243 fruit,0.497,0.552,1.0,-7.859,1.0,0.0332,0.392,0.00173,0.121,0.301,115.277
244 open arms,0.47250000000000003,0.6585000000000001,7.0,-7.491,1.0,0.03885,0.035500000000000004,0.0748,0.11299999999999999,0.4615,121.9825
245 make believe,0.4975,0.41700000000000004,4.0,-9.868,1.0,0.03025,0.5635,0.000224,0.1295,0.3705,114.274
246 she says,0.521,0.439,4.5,-9.687999999999999,1.0,0.032100000000000004,0.5955,0.00479,0.1175,0.338,116.8485
247 and still,0.48150000000000004,0.5015000000000001,5.5,-9.006499999999999,1.0,0.0332,0.029225,0.2455,0.11,0.41900000000000004,113.81
248 afterglow,0.424,0.503,4.0,-9.328,1.0,0.0304,0.467,6.6e-05,0.109,0.306,126.935
249 paper flowers,0.6020000000000001,0.6359999999999999,5.0,-8.443999999999999,1.0,0.039999999999999994,0.1175,0.03795,0.14500000000000002,0.463,122.155
25 don't forget,0.594,0.617,5.5,-6.546,1.0,0.06755,0.1745,6.065e-06,0.14600000000000002,0.3865,103.989
250 sounds of people,0.584,0.582,4.5,-6.643,1.0,0.0376,0.1815,0.00039,0.121,0.4275,115.041
251 what else,0.402,0.7335,8.5,-7.1855,1.0,0.046799999999999994,0.010905000000000001,0.10869999999999999,0.11349999999999999,0.4585,127.3105
252 i dream about it,0.536,0.513,9.0,-8.912,1.0,0.0308,0.432,0.00897,0.121,0.533,123.786
253 skeleton,0.501,0.494,4.5,-9.8605,1.0,0.03315,0.505,0.562,0.1145,0.244,108.482
254 stranger,0.5225,0.423,5.0,-9.632,1.0,0.031549999999999995,0.5275,0.0946,0.143,0.482,118.194
255 turn back now,0.516,0.607,6.0,-7.136,1.0,0.0504,0.543,0.000487,0.137,0.509,117.024
256 passenger,0.538,0.684,5.0,-7.376,1.0,0.0315,0.0981,0.0373,0.118,0.306,127.103
257 this time,0.6305000000000001,0.5700000000000001,4.0,-7.737,1.0,0.035750000000000004,0.5335000000000001,0.0001059,0.11649999999999999,0.48050000000000004,119.319
258 impression,0.48450000000000004,0.5529999999999999,8.0,-9.036000000000001,1.0,0.0385,0.395,0.09755000000000001,0.161,0.349,123.5135
259 glorious hell,0.549,0.591,2.0,-7.995,1.0,0.0356,0.253,0.00598,0.131,0.328,129.939
26 technicolor,0.573,0.697,5.0,-6.547,1.0,0.0518,0.198,0.0,0.125,0.521,99.995
260 burning,0.6305000000000001,0.6665,5.0,-6.9375,1.0,0.04615,0.1242,0.0009044999999999999,0.127,0.488,124.497
261 always been,0.509,0.639,5.0,-8.628,0.0,0.0402,0.0478,0.146,0.196,0.475,112.461
262 love and war,0.618,0.7364999999999999,5.5,-6.9015,1.0,0.0586,0.09004999999999999,0.000111,0.0993,0.526,103.97550000000001
263 get lost in somebody,0.599,0.502,7.0,-8.443,1.0,0.089,0.394,3.55e-06,0.14,0.348,129.963
264 only words,0.5,0.748,9.0,-6.92,1.0,0.0326,0.0625,2.64e-05,0.224,0.411,137.472
265 afraid of you,0.5635,0.3745,3.0,-11.777999999999999,1.0,0.0327,0.532,0.001165,0.11699999999999999,0.3255,117.0605
266 end of an era,0.5375,0.5974999999999999,6.5,-7.6865000000000006,1.0,0.0458,0.074,0.1575,0.136,0.5655,114.517
267 blossom,0.6585,0.6034999999999999,4.0,-7.3469999999999995,0.5,0.048600000000000004,0.0521,0.07975,0.0977,0.5245,120.5655
268 beside you,0.427,0.241,3.5,-13.379999999999999,1.0,0.0342,0.7775,0.0003545,0.1215,0.28600000000000003,106.45949999999999
269 all day long,0.6975,0.6845,3.0,-7.361000000000001,1.0,0.0794,0.181,5.65e-05,0.1485,0.51,105.596
27 joker of the heart,0.567,0.863,5.5,-5.409,1.0,0.0429,0.0191,0.000134,0.244,0.46399999999999997,110.9675
270 lover,0.475,0.498,4.0,-9.091,1.0,0.0325,0.418,0.0251,0.121,0.172,120.005
271 sublime,0.4975,0.2925,6.5,-12.325,0.5,0.03475,0.6875,0.00046635,0.109,0.291,110.64349999999999
272 god and man,0.526,0.553,3.0,-8.192,1.0,0.041,0.172,0.00518,0.116,0.51,145.568
273 saudade,0.5595000000000001,0.2825,4.5,-11.361,1.0,0.03535,0.657,0.0029519999999999998,0.10155,0.256,105.6035
274 try to love again,0.441,0.546,4.0,-12.02,1.0,0.0385,0.13,0.0214,0.109,0.349,114.233
275 better times,0.493,0.485,6.0,-8.428,1.0,0.0282,0.495,4.06e-05,0.103,0.339,126.212
277 take it as it comes,0.679,0.598,4.0,-7.338,0.0,0.0772,0.124,2.1e-05,0.102,0.579,98.925
278 always,0.529,0.353,4.0,-8.571,1.0,0.0319,0.229,0.0328,0.15,0.401,116.02
279 through the land,0.4865,0.552,7.0,-10.3225,1.0,0.047200000000000006,0.465,0.05935,0.1285,0.362,141.7095
28 starting over,0.544,0.5035000000000001,7.5,-6.8685,0.0,0.10705,0.41400000000000003,0.0005145,0.105,0.4105,92.858
280 some kind of night,0.532,0.454,6.0,-9.471,1.0,0.0296,0.442,0.00525,0.103,0.184,141.972
281 another bad dream,0.661,0.711,7.0,-6.437,1.0,0.0514,0.145,0.00938,0.105,0.587,117.984
282 oh baby!,0.654,0.716,7.0,-5.973,0.5,0.0561,0.025419999999999998,3.0275e-05,0.14100000000000001,0.6990000000000001,118.9605
283 encore,0.53,0.7485,2.0,-6.635,1.0,0.03925,0.16899999999999998,0.0007105,0.137,0.49050000000000005,128.2315
284 wonderland,0.5045,0.20500000000000002,8.0,-13.778500000000001,1.0,0.04105,0.8665,8.58e-05,0.118,0.312,116.94800000000001
285 think of me,0.6705000000000001,0.5065,7.5,-9.7895,1.0,0.0794,0.11485,0.00149,0.0692,0.5825,120.0925
286 even now,0.726,0.5005,8.0,-7.5145,1.0,0.035250000000000004,0.5195000000000001,0.000669,0.1235,0.38,116.1605
287 the only thing,0.519,0.645,1.0,-8.194,1.0,0.0369,0.468,0.366,0.146,0.513,127.947
288 there she was,0.7004999999999999,0.665,9.0,-7.1579999999999995,0.0,0.051199999999999996,0.1855,0.0175,0.134,0.3845,98.50550000000001
289 after all,0.64,0.485,5.5,-7.136,1.0,0.0532,0.2005,0.0006276,0.115,0.4555,110.39949999999999
29 street radio,0.567,0.6465000000000001,5.5,-7.795,0.0,0.1885,0.1745,2.2499999999999998e-05,0.184,0.5285,93.9815
290 just like i used to,0.687,0.344,7.0,-11.001,1.0,0.0395,0.542,0.0204,0.124,0.35,106.952
291 everyone says,0.473,0.841,7.0,-5.565,1.0,0.0405,0.0896,0.344,0.107,0.535,127.893
292 don't leave,0.6345000000000001,0.575,7.0,-6.793,1.0,0.141,0.1945,4.7249999999999997e-05,0.15949999999999998,0.45899999999999996,93.55000000000001
293 before i even ever knew,0.555,0.375,6.0,-11.627,1.0,0.0315,0.683,0.0068,0.112,0.19,124.441
294 say something,0.445,0.467,7.0,-8.74,1.0,0.0404,0.63,0.0523,0.107,0.498,111.598
295 genie,0.467,0.462,4.0,-7.939,1.0,0.0291,0.396,0.0011,0.109,0.19,122.648
296 nothing good,0.501,0.7050000000000001,9.0,-7.185499999999999,1.0,0.0363,0.11455,0.0009534999999999999,0.171,0.397,133.049
297 all along,0.665,0.5965,6.0,-9.143,0.5,0.0393,0.20550000000000002,0.063,0.1105,0.327,107.8695
298 snake oil,0.574,0.461,7.0,-9.372,1.0,0.0308,0.492,0.000675,0.1,0.383,101.306
299 something about you,0.4985,0.794,5.5,-7.0295,1.0,0.05505,0.044899999999999995,0.001845,0.116,0.5854999999999999,139.1745
30 on my mind,0.5985,0.657,5.5,-6.2425,1.0,0.04725,0.0434,1.0745000000000001e-05,0.2495,0.5680000000000001,107.4965
300 giving to get,0.6655,0.348,2.5,-11.1085,1.0,0.031,0.6475,5.2749999999999995e-05,0.1085,0.43,108.64750000000001
301 can't wait,0.703,0.558,8.5,-6.463,0.5,0.053750000000000006,0.2925,0.0028144999999999997,0.126,0.6465000000000001,100.96549999999999
302 more than anything,0.53,0.2825,5.0,-12.605,0.5,0.03495,0.6479999999999999,0.07819999999999999,0.107,0.1755,100.01599999999999
303 kiss,0.569,0.552,3.0,-7.6125,0.0,0.04085,0.2025,0.0033,0.09255,0.3855,129.3675
304 not tonight,0.797,0.6890000000000001,5.5,-5.9135,1.0,0.04935,0.03355,0.01645,0.07505,0.675,113.0085
305 get by,0.5355000000000001,0.609,4.5,-8.813500000000001,1.0,0.03215,0.2545,0.02218,0.1245,0.451,116.33850000000001
306 on the road,0.6074999999999999,0.6395,5.0,-8.5785,0.5,0.05325,0.246,0.01865,0.10189999999999999,0.5565,96.7285
307 for sure,0.669,0.608,1.0,-6.904,1.0,0.0536,0.0714,1.45e-05,0.104,0.494,111.044
308 best friends,0.5745,0.511,9.0,-9.681000000000001,1.0,0.03015,0.40900000000000003,0.012459999999999999,0.1275,0.49150000000000005,107.17699999999999
309 nothing to lose,0.734,0.585,3.0,-7.737,1.0,0.153,0.249,0.000125,0.111,0.618,105.932
31 turning pages,0.602,0.648,5.0,-7.3,1.0,0.0469,0.0314,0.00118,0.116,0.471,118.221
310 then again,0.527,0.453,7.0,-10.464,1.0,0.0345,0.604,0.00121,0.108,0.413,98.062
311 she's gone,0.476,0.656,8.0,-6.608,1.0,0.0312,0.118,0.0114,0.135,0.43,117.008
312 figure it out,0.5945,0.7795000000000001,6.5,-6.6935,1.0,0.0471,0.10289999999999999,0.04425,0.13285,0.514,118.9845
313 always have always will,0.502,0.626,7.0,-8.219,1.0,0.0378,0.494,0.00028,0.0983,0.641,117.479
314 in the street,0.42200000000000004,0.6975,5.0,-8.543,1.0,0.0326,0.12,0.006975,0.10250000000000001,0.511,129.2675
315 no proof,0.566,0.569,6.0,-7.166,1.0,0.0391,0.34,0.00221,0.104,0.367,112.127
316 something good,0.7,0.5934999999999999,7.0,-8.638000000000002,0.0,0.0422,0.10980000000000001,0.002185,0.1122,0.7070000000000001,108.511
317 say yes,0.5934999999999999,0.5765,4.0,-6.6955,1.0,0.034949999999999995,0.179,0.00024075000000000002,0.11,0.413,122.374
318 treat me right,0.74,0.598,7.0,-7.274,1.0,0.0535,0.115,5.4e-05,0.099,0.537,105.882
319 try my best,0.567,0.453,3.0,-9.176,1.0,0.0361,0.275,0.00118,0.107,0.442,105.186
32 growing up,0.608,0.669,3.0,-6.709,1.0,0.0319,0.0492,3e-05,0.0971,0.696,105.011
320 hold back,0.655,0.583,1.0,-7.694,1.0,0.0315,0.121,0.38,0.109,0.867,104.996
321 flashback,0.5305,0.637,3.0,-6.7625,1.0,0.033,0.09715,0.02445,0.10650000000000001,0.518,107.953
322 stayin alive,0.563,0.792,3.0,-5.6335,1.0,0.0501,0.0395,0.0017395000000000002,0.1675,0.567,122.929
323 still ain’t cool,0.6695,0.6265000000000001,7.0,-6.282500000000001,0.0,0.099,0.22999999999999998,2.61e-06,0.16,0.47050000000000003,130.2485
324 no trace,0.454,0.375,2.0,-11.635,1.0,0.033,0.717,0.000591,0.11,0.465,108.146
325 ride it,0.7095,0.741,5.0,-6.048500000000001,1.0,0.06555,0.0577,0.0005055,0.09645,0.6825000000000001,112.0725
326 rhyme or reason,0.568,0.635,5.0,-5.726,1.0,0.0404,0.0133,6.4e-05,0.099,0.691,115.655
327 habits,0.6054999999999999,0.6625,3.0,-7.7305,1.0,0.0314,0.46950000000000003,0.0027800000000000004,0.104,0.687,111.561
328 better on your own,0.55,0.522,5.0,-9.458,1.0,0.0336,0.191,0.0617,0.113,0.443,119.986
329 good friend,0.553,0.488,6.0,-7.9275,1.0,0.02845,0.4615,0.014055,0.111,0.414,128.2705
33 looking for something,0.548,0.686,7.0,-5.756,1.0,0.0456,0.0255,1.17e-06,0.117,0.321,113.966
330 middle ground,0.581,0.6950000000000001,3.0,-7.443,1.0,0.0315,0.0902,0.0018414999999999998,0.192,0.5585,109.003
331 down and out,0.637,0.5415000000000001,6.0,-8.530999999999999,1.0,0.03665,0.035699999999999996,0.12065,0.1395,0.6375,114.04249999999999
332 might be it,0.509,0.44,6.0,-10.649,1.0,0.0343,0.615,0.000945,0.109,0.342,111.943
333 divine energy,0.531,0.5295,5.5,-9.056000000000001,0.5,0.0356,0.575,9.13e-05,0.1585,0.4635,111.1325
334 healing,0.475,0.6699999999999999,6.0,-8.4775,1.0,0.03515,0.101,0.00464,0.11299999999999999,0.4305,126.994
335 labels,0.6205,0.627,6.5,-7.192,1.0,0.03795,0.1545,0.000379,0.1235,0.6020000000000001,114.71100000000001
336 need you/want you,0.429,0.65,6.0,-7.111,1.0,0.029,0.0733,0.421,0.107,0.365,143.927
337 my baby,0.48150000000000004,0.6930000000000001,6.0,-8.039,1.0,0.03745,0.01845,0.00204,0.168,0.313,135.96249999999998
338 solo,0.621,0.425,4.0,-9.86,1.0,0.0537,0.295,0.00255,0.101,0.294,115.909
339 euphoria,0.48950000000000005,0.318,6.0,-11.1335,1.0,0.0339,0.798,0.0349,0.1155,0.4155,146.244
34 bottom of the ocean,0.6455,0.6565000000000001,6.5,-7.656499999999999,1.0,0.0445,0.09834999999999999,0.0055985,0.126,0.3435,119.5285
340 no secret,0.638,0.4,4.0,-8.533,1.0,0.0602,0.422,0.000577,0.109,0.373,91.988
341 dance hall,0.55,0.485,4.0,-8.696,1.0,0.0328,0.475,0.00879,0.109,0.552,107.75
342 so close,0.673,0.643,4.0,-6.3255,0.5,0.0663,0.22949999999999998,0.0006695,0.109,0.5740000000000001,108.8745
343 parallel,0.476,0.4,7.0,-8.922,1.0,0.0303,0.222,0.129,0.113,0.163,101.156
344 won’t be long,0.67,0.668,3.0,-8.248,1.0,0.193,0.388,0.00055,0.158,0.486,129.981
345 fragile,0.4885,0.275,6.0,-10.921,1.0,0.028900000000000002,0.7484999999999999,0.002237,0.114,0.239,101.80250000000001
346 make it easy,0.5125,0.41100000000000003,4.0,-10.8275,1.0,0.0346,0.6174999999999999,1.26e-05,0.132,0.3885,106.3025
347 shelter,0.463,0.289,2.0,-10.065,1.0,0.0296,0.381,0.00375,0.134,0.256,122.516
348 gonna do,0.6635,0.4615,7.0,-9.7865,0.0,0.08355,0.615,0.000154,0.1145,0.4355,138.642
349 go through hell,0.618,0.546,7.5,-8.881,0.5,0.03815,0.2165,0.0019525,0.1775,0.369,128.531
35 someone you need,0.61,0.7695000000000001,5.0,-7.0425,1.0,0.0585,0.195,0.00242,0.14150000000000001,0.472,111.848
350 only you,0.517,0.3775,6.5,-10.652000000000001,1.0,0.03505,0.6659999999999999,0.0009125,0.1,0.334,123.2315
351 love me better,0.534,0.411,1.0,-8.248,1.0,0.0464,0.645,0.0001,0.165,0.555,129.981
352 autumn leaves,0.513,0.4435,4.0,-9.7225,1.0,0.0354,0.253,4.04e-05,0.1005,0.4975,106.4045
353 songbird,0.5725,0.4845,4.5,-9.705,1.0,0.07985,0.614,0.001605,0.1085,0.41200000000000003,101.737
354 patterns,0.457,0.5894999999999999,4.5,-7.263999999999999,1.0,0.0306,0.3885,0.1455,0.1095,0.364,147.21
355 looking at you,0.487,0.632,2.0,-6.451,1.0,0.0548,0.244,3.75e-05,0.117,0.286,130.967
356 forever young,0.704,0.639,7.0,-10.108,0.0,0.0511,0.507,0.00738,0.0989,0.626,102.642
357 certainty,0.491,0.5900000000000001,4.0,-7.388,0.5,0.03465,0.4795,0.09459999999999999,0.111,0.488,114.97200000000001
358 thinking out loud,0.647,0.713,1.0,-5.817,1.0,0.0447,0.259,0.000437,0.154,0.605,120.004
359 no use,0.488,0.224,2.0,-11.057,1.0,0.0373,0.834,0.0183,0.101,0.249,115.788
36 flesh and blood,0.6890000000000001,0.652,1.5,-6.532,1.0,0.1635,0.12245,0.0,0.2765,0.53,116.524
360 when you see me,0.642,0.676,5.0,-9.691,1.0,0.0363,0.214,0.014,0.11,0.441,116.981
361 situation,0.561,0.373,4.0,-9.804,1.0,0.0291,0.717,0.00312,0.125,0.287,107.923
362 vision,0.6435,0.5469999999999999,4.5,-7.176,1.0,0.06475,0.0366,0.000186,0.1055,0.478,102.089
363 good intentions,0.66,0.5155000000000001,4.0,-8.623999999999999,1.0,0.0442,0.484,0.0237,0.1285,0.5205,115.753
364 as we were,0.49750000000000005,0.6405000000000001,7.0,-7.848000000000001,1.0,0.0414,0.23349999999999999,0.057595,0.126,0.38149999999999995,119.97550000000001
365 where this goes,0.592,0.542,6.0,-7.376,1.0,0.0395,0.172,0.0011,0.114,0.505,127.103
366 change of heart,0.636,0.4345,4.5,-7.6905,1.0,0.0377,0.26,2.3899999999999998e-05,0.0932,0.3405,108.514
367 i've got a feeling,0.576,0.451,5.0,-10.301,1.0,0.0287,0.411,0.00298,0.132,0.315,111.864
368 your old neighborhood,0.539,0.49,5.0,-8.649,1.0,0.032,0.3,0.000252,0.115,0.395,105.512
369 catching blessings,0.735,0.525,7.5,-7.636,1.0,0.23249999999999998,0.1925,0.001436,0.157,0.46549999999999997,96.49449999999999
37 taking the cure,0.4825,0.7344999999999999,6.0,-4.76,0.5,0.0397,0.09155,0.002065,0.1235,0.3325,122.61850000000001
370 want you to know,0.7155,0.551,5.5,-6.624,1.0,0.06855,0.1495,0.000736,0.21949999999999997,0.665,117.4615
371 catch my breath,0.618,0.498,7.0,-9.78,1.0,0.0331,0.296,0.0301,0.13,0.57,89.96
372 undercover,0.635,0.597,6.0,-8.196,0.0,0.07264999999999999,0.355,0.00063,0.1555,0.64,117.6845
373 can't deal,0.69,0.559,6.0,-8.067,1.0,0.0563,0.0886,0.000982,0.106,0.667,111.975
374 these days,0.685,0.6435,4.5,-7.875,1.0,0.03945,0.237,0.0002675,0.10400000000000001,0.5665,113.712
375 so they say,0.472,0.29700000000000004,2.5,-14.611,1.0,0.035,0.9145000000000001,0.042300000000000004,0.1012,0.323,107.4305
376 in another life,0.473,0.5705,4.5,-10.1385,1.0,0.0379,0.23399999999999999,0.04045,0.1065,0.446,144.423
377 did i dream you,0.497,0.43,2.0,-7.193,1.0,0.0292,0.572,7.8e-06,0.106,0.2,98.082
378 up all night,0.4905,0.427,4.0,-7.577,1.0,0.0299,0.1245,9.91e-05,0.1135,0.375,131.612
379 i don’t remember,0.54,0.453,6.0,-8.152,0.0,0.0326,0.388,0.00507,0.111,0.266,131.045
38 through the static,0.5845,0.569,6.0,-8.11,0.5,0.054099999999999995,0.20400000000000001,0.03392,0.124,0.40549999999999997,108.929
380 made it,0.6135,0.5509999999999999,4.5,-8.439499999999999,1.0,0.0531,0.161,0.0008820000000000001,0.128,0.5675,129.39600000000002
381 perhaps,0.513,0.356,3.0,-10.3255,1.0,0.0342,0.5445,0.2755,0.219,0.14350000000000002,127.993
382 modern kids,0.5495,0.5525,4.5,-7.7765,1.0,0.03145,0.351,0.039764999999999995,0.1505,0.418,150.10000000000002
383 i lost myself,0.445,0.308,5.0,-9.129,1.0,0.0352,0.79,0.00331,0.11,0.169,119.841
384 the first time,0.594,0.654,8.0,-6.89,1.0,0.0627,0.307,6.4e-05,0.0879,0.626,113.492
385 getting older,0.532,0.362,6.0,-11.501,1.0,0.034,0.748,0.00033,0.108,0.344,115.198
386 rise and fall,0.5455000000000001,0.505,4.5,-9.123000000000001,1.0,0.03635,0.59,0.0007700000000000001,0.108,0.523,115.055
387 you know,0.516,0.309,4.0,-11.903,1.0,0.0419,0.839,6.49e-06,0.112,0.365,118.327
388 that's what,0.6085,0.711,2.0,-5.0755,1.0,0.0402,0.1385,6.0024999999999995e-05,0.10075,0.584,125.819
389 prophecy,0.693,0.504,9.0,-8.605,0.0,0.0465,0.307,0.000648,0.111,0.34,95.1
39 where are our leaders,0.6355,0.3935,5.0,-10.5875,0.0,0.04055,0.7045,0.216,0.1205,0.231,123.2505
390 already gone,0.486,0.493,6.0,-10.006,1.0,0.0338,0.371,0.000441,0.122,0.405,89.031
391 ace to play,0.68,0.723,4.0,-6.263,1.0,0.0482,0.305,0.000125,0.103,0.525,117.501
392 payphone,0.569,0.382,7.0,-10.324,1.0,0.0304,0.587,0.00052,0.119,0.363,102.018
393 more gravity,0.547,0.38349999999999995,2.0,-10.1805,1.0,0.0337,0.4405,0.0027749999999999997,0.112,0.34099999999999997,131.0485
394 something different,0.502,0.389,5.0,-9.934,1.0,0.0319,0.778,1.63e-05,0.121,0.276,108.401
395 get me out,0.47850000000000004,0.4755,4.0,-8.169,1.0,0.03205,0.1935,0.0038940000000000003,0.161,0.397,103.4445
396 most of us,0.6335,0.7705,4.5,-5.402,1.0,0.04925,0.058050000000000004,0.0003205,0.1595,0.4915,124.813
397 too far,0.5665,0.3725,8.0,-9.7135,1.0,0.0342,0.7124999999999999,0.00070235,0.10700000000000001,0.419,123.799
398 take my hand,0.383,0.245,2.0,-13.111,1.0,0.0373,0.818,0.00461,0.108,0.219,148.177
399 wanted to say,0.527,0.229,6.0,-10.662,1.0,0.034,0.877,0.000595,0.123,0.308,112.084
40 cut the rope,0.538,0.566,7.0,-9.64,0.0,0.0296,0.478,0.0654,0.11,0.405,129.012
400 songs you wrote,0.5529999999999999,0.47750000000000004,3.0,-11.184999999999999,1.0,0.03115,0.59,0.0029415,0.115,0.361,124.3895
401 oh my,0.68,0.827,9.0,-5.418,1.0,0.049,0.033,0.0,0.12,0.626,113.998
402 hold on,0.503,0.487,2.0,-8.13,1.0,0.0336,0.599,0.000117,0.0867,0.456,131.886
403 keep you guessing,0.659,0.51,6.5,-7.7645,1.0,0.03,0.367,0.00075435,0.11,0.471,105.81
404 truth is,0.632,0.459,2.0,-6.928,1.0,0.0381,0.12,0.000104,0.143,0.454,97.55
405 our song,0.558,0.377,5.0,-9.431,1.0,0.0356,0.277,0.000483,0.125,0.5,108.657
406 made to forget,0.37,0.602,3.0,-7.74,1.0,0.0308,0.178,4.72e-05,0.105,0.287,120.129
407 same old feeling,0.489,0.5425,7.0,-9.1995,1.0,0.03315,0.422,0.000302,0.206,0.315,119.062
408 on the line,0.56,0.457,4.0,-8.786,1.0,0.0358,0.29,0.00704,0.116,0.436,120.099
409 what else is new,0.492,0.569,5.0,-8.278,1.0,0.0292,0.468,0.00166,0.124,0.205,122.676
41 no future,0.6205,0.668,6.0,-6.471,0.5,0.04165,0.1325,0.02513,0.1545,0.40800000000000003,117.9885
410 when i see you,0.5115000000000001,0.409,7.5,-11.726,1.0,0.0317,0.7195,0.126,0.132,0.494,130.585
411 how do you feel,0.6005,0.4275,5.5,-11.1415,1.0,0.08555,0.47750000000000004,0.00365,0.1355,0.47550000000000003,111.69200000000001
412 best thing,0.581,0.512,7.0,-9.061,1.0,0.0315,0.329,0.000894,0.129,0.411,120.617
413 pieces,0.436,0.681,7.5,-6.212999999999999,1.0,0.04725,0.001579,0.0001077,0.15,0.491,136.7355
414 heart,0.577,0.458,1.5,-8.8295,1.0,0.041499999999999995,0.4185,0.0001975,0.1285,0.262,99.4915
415 distance,0.58,0.481,8.0,-8.9265,1.0,0.0361,0.607,1.096e-05,0.1195,0.5515000000000001,113.82650000000001
416 come in,0.4215,0.4275,4.0,-9.1845,1.0,0.0324,0.30500000000000005,0.00283,0.1485,0.3,124.0855
417 bad news,0.736,0.7150000000000001,9.0,-5.767,0.0,0.04895,0.025849999999999998,4.21e-05,0.0951,0.5865,123.483
418 fool me twice,0.5155000000000001,0.43500000000000005,4.0,-9.279,1.0,0.032549999999999996,0.39149999999999996,0.0005905,0.161,0.3845,108.86
419 what we had,0.506,0.48,4.0,-7.836,1.0,0.036,0.468,4.07e-05,0.125,0.444,121.289
42 time and time again,0.701,0.683,7.0,-6.794,0.0,0.0542,0.291,6.83e-05,0.217,0.577,125.104
420 bad desire,0.526,0.434,4.0,-10.802,1.0,0.0318,0.645,0.000162,0.112,0.362,89.633
421 i never know,0.6214999999999999,0.4145,7.0,-9.835,1.0,0.0331,0.8005,0.001905,0.11,0.493,121.8835
422 anywhere,0.508,0.257,3.5,-9.767,1.0,0.034449999999999995,0.69,0.01318,0.1175,0.3435,115.5695
423 if i could,0.438,0.268,4.0,-12.032,1.0,0.0323,0.657,0.00287,0.11,0.359,118.996
424 down the line,0.527,0.389,7.0,-9.05,1.0,0.0287,0.512,0.0109,0.116,0.489,95.489
425 let it go,0.516,0.546,3.0,-8.4305,1.0,0.03575,0.09665,0.0001003,0.1245,0.2845,136.5
426 by my side,0.461,0.369,7.0,-11.56,1.0,0.0354,0.864,0.00372,0.111,0.401,110.724
427 you're the reason,0.628,0.545,7.0,-6.8870000000000005,1.0,0.0529,0.1275,6.85e-05,0.1815,0.373,123.0455
428 pretty please,0.535,0.539,6.0,-9.327,1.0,0.034,0.434,1.33e-05,0.116,0.56,126.971
429 can't help it,0.463,0.395,3.5,-10.6585,1.0,0.030449999999999998,0.7445,0.000698,0.1075,0.3175,108.162
43 tainted skies,0.669,0.536,5.5,-7.9975000000000005,1.0,0.0708,0.21000000000000002,0.00012242,0.1265,0.38,115.1155
430 we can be anything,0.547,0.297,5.0,-11.908,1.0,0.0378,0.678,0.00294,0.107,0.408,108.06
431 i'll be gentle,0.491,0.47250000000000003,3.0,-8.952,1.0,0.0329,0.1315,4.855e-05,0.10900000000000001,0.39,113.09200000000001
432 all in my mind,0.6074999999999999,0.5469999999999999,5.0,-8.346,1.0,0.0377,0.1575,0.00010999999999999999,0.1055,0.6014999999999999,94.611
433 your friends,0.48,0.333,6.0,-11.649,1.0,0.031299999999999994,0.8614999999999999,0.008355,0.145,0.383,80.557
434 keep going,0.438,0.381,1.0,-13.71,1.0,0.0374,0.841,0.0538,0.118,0.275,100.544
435 meant to last,0.704,0.573,5.0,-6.498,1.0,0.0877,0.133,1.23e-05,0.106,0.25,102.02
436 wholehearted,0.411,0.322,7.0,-10.556,1.0,0.0334,0.811,0.000623,0.112,0.314,128.531
437 love is a higher law,0.54,0.527,2.0,-9.993,1.0,0.032350000000000004,0.2475,0.00553,0.134,0.3905,127.4045
438 i heard,0.572,0.4245,6.0,-9.529499999999999,1.0,0.0295,0.647,0.0409,0.126,0.3225,117.4425
439 up for it,0.6535,0.45999999999999996,5.5,-8.91,1.0,0.0521,0.4555,0.000494,0.11399999999999999,0.2995,101.759
44 silly love songs,0.6775,0.6735,7.5,-6.500500000000001,1.0,0.035500000000000004,0.2025,0.0023555,0.2275,0.623,118.0245
440 creation myth,0.428,0.866,4.0,-8.016,1.0,0.0381,0.0999,0.019,0.234,0.598,123.027
441 one good reason,0.587,0.714,6.0,-6.957,1.0,0.0359,0.0279,7.96e-05,0.105,0.467,117.148
442 rearrange,0.42500000000000004,0.4675,7.5,-9.585999999999999,1.0,0.035750000000000004,0.36950000000000005,0.39249999999999996,0.1275,0.2245,107.7475
443 want to believe,0.45999999999999996,0.441,9.0,-9.9205,1.0,0.03335,0.7849999999999999,0.01004,0.1305,0.432,115.42599999999999
444 devil's bargain,0.533,0.32899999999999996,4.0,-12.1965,1.0,0.0311,0.7355,0.00011618,0.16249999999999998,0.32099999999999995,106.8545
445 same place,0.5405,0.363,4.0,-10.302,1.0,0.032799999999999996,0.683,0.153,0.107,0.388,112.6585
446 before we met,0.6255,0.367,6.0,-11.311499999999999,1.0,0.0313,0.6845,0.10395,0.09939999999999999,0.4805,100.065
447 everything is easy,0.5355,0.2855,4.0,-10.792,1.0,0.034949999999999995,0.898,0.0010973,0.154,0.40800000000000003,120.0275
448 turning back,0.59,0.42,7.0,-10.75,0.0,0.0367,0.433,0.0313,0.133,0.357,131.174
449 witness,0.51,0.379,3.0,-12.158,1.0,0.0381,0.723,0.000114,0.0874,0.507,114.783
45 electric music,0.639,0.5880000000000001,6.0,-7.7540000000000004,0.0,0.10389999999999999,0.176,3.315e-05,0.14150000000000001,0.4755,105.38499999999999
450 back to me,0.5325,0.277,3.0,-13.6475,1.0,0.03555,0.756,0.0050015,0.113,0.314,144.458
451 for the best,0.438,0.1935,5.5,-11.869,1.0,0.036199999999999996,0.7665,0.003545,0.1305,0.215,126.5965
452 matter of time,0.5465,0.642,7.5,-8.4805,1.0,0.0332,0.34750000000000003,0.00011520000000000001,0.1285,0.473,98.23
453 take me back,0.574,0.49,4.5,-10.428999999999998,1.0,0.0323,0.2885,0.07164999999999999,0.1205,0.6145,100.695
454 coincidental,0.516,0.578,5.0,-8.1655,0.0,0.0863,0.23349999999999999,2.46e-06,0.1515,0.4275,134.9925
455 ask me,0.568,0.827,5.0,-6.712,0.0,0.0369,0.299,0.00988,0.096,0.522,110.85
456 see it coming,0.667,0.558,2.0,-5.925,1.0,0.0315,0.267,0.00421,0.0916,0.589,96.345
457 would have been,0.539,0.357,4.0,-8.455,1.0,0.0349,0.757,0.00226,0.112,0.221,128.314
458 full up,0.5,0.34,5.0,-10.07,1.0,0.0288,0.764,0.00847,0.121,0.341,103.054
459 make it stop,0.39,0.253,2.0,-11.945,1.0,0.0355,0.737,0.615,0.106,0.11,118.441
46 it's been so long,0.5525,0.732,5.0,-5.8335,1.0,0.0402,0.0236,2.32e-06,0.0992,0.455,118.8765
460 when the morning comes,0.443,0.902,4.5,-5.018,1.0,0.06085,0.0019,0.014950000000000001,0.0975,0.642,146.885
461 checkmate,0.621,0.7785,2.5,-6.6805,1.0,0.04435,0.131,0.000481,0.145,0.6234999999999999,110.044
462 ticket to anywhere,0.489,0.292,5.0,-13.972,1.0,0.0423,0.697,0.000232,0.123,0.422,110.721
463 been here before,0.696,0.6579999999999999,5.0,-5.8475,1.0,0.0578,0.2955,2.38e-06,0.243,0.5680000000000001,104.515
464 free for the taking,0.478,0.479,7.0,-7.716,1.0,0.030100000000000002,0.39049999999999996,0.0050100000000000006,0.138,0.39149999999999996,108.4345
465 breaking my heart,0.51,0.47550000000000003,4.0,-10.3705,1.0,0.0361,0.45199999999999996,0.02095,0.1235,0.3295,110.52600000000001
466 on the square,0.47650000000000003,0.35,6.5,-10.094999999999999,1.0,0.0404,0.793,3.1480000000000004e-05,0.1245,0.2965,102.18549999999999
467 found out,0.46199999999999997,0.262,4.0,-12.6105,1.0,0.03385,0.8845000000000001,0.003235,0.102,0.348,107.4055
468 all along,0.508,0.15,6.0,-14.283000000000001,1.0,0.0371,0.948,0.00171,0.105,0.256,121.477
469 back to the blue,0.43200000000000005,0.46199999999999997,5.0,-8.923,1.0,0.03455,0.191,0.04815,0.10825,0.4155,149.286
47 unwell,0.5774999999999999,0.6945,1.5,-6.8285,1.0,0.03055,0.0409,3.87e-05,0.14150000000000001,0.5595,110.01650000000001
470 lonely,0.5705,0.248,8.0,-14.6105,1.0,0.0397,0.7925,0.0015745,0.115,0.401,102.7525
471 keep it together,0.439,0.42400000000000004,8.0,-8.940999999999999,1.0,0.030699999999999998,0.4825,0.0001009,0.11699999999999999,0.376,134.6795
472 every word,0.365,0.20500000000000002,4.0,-13.437999999999999,1.0,0.03685,0.81,5.0400000000000005e-05,0.10350000000000001,0.163,107.989
473 losing sleep,0.62,0.6495,3.5,-7.0745000000000005,1.0,0.031149999999999997,0.12325,0.0023505,0.132,0.6,123.44800000000001
474 we're alright,0.49150000000000005,0.3105,5.5,-9.631,1.0,0.035750000000000004,0.667,0.0062,0.1075,0.177,108.122
475 counting days,0.658,0.5940000000000001,5.5,-6.321999999999999,0.5,0.03765,0.058800000000000005,5.52e-05,0.108,0.5249999999999999,110.47399999999999
476 love of mine,0.517,0.24,5.0,-13.821,1.0,0.0343,0.91,0.00721,0.114,0.35,119.679
477 getting you wrong,0.5265,0.138,7.5,-15.135,1.0,0.03375,0.858,0.0001679,0.137,0.22849999999999998,106.0335
478 end of the world,0.45499999999999996,0.3795,5.0,-10.7685,1.0,0.032100000000000004,0.675,0.1041165,0.1035,0.191,122.73400000000001
479 nowhere else,0.5425,0.2905,4.0,-11.6985,1.0,0.03185,0.885,0.001165,0.109,0.33999999999999997,107.196
48 set yourself on fire,0.4395,0.777,6.5,-5.665,1.0,0.051449999999999996,0.01757,0.001655,0.11699999999999999,0.366,139.0525
480 in your head,0.503,0.779,6.5,-5.8870000000000005,0.5,0.04165,0.0592,0.01758,0.132,0.502,129.626
481 live and leave,0.442,0.21850000000000003,5.0,-12.307,1.0,0.0375,0.762,0.000674,0.108,0.236,125.609
482 for now,0.55,0.293,5.0,-12.042,1.0,0.0312,0.837,0.011,0.109,0.218,126.748
483 forever,0.556,0.304,3.0,-11.9175,1.0,0.03075,0.637,0.276,0.107,0.1815,109.73150000000001
484 no one else,0.675,0.703,1.0,-5.749,1.0,0.0513,0.156,4.36e-05,0.106,0.484,110.01
485 changed my mind,0.2635,0.22399999999999998,6.0,-14.364,1.0,0.0411,0.8325,0.717,0.108,0.146,136.72199999999998
486 everything i want,0.529,0.2955,2.5,-11.075500000000002,1.0,0.03545,0.6645,0.0092,0.1535,0.1785,127.4495
487 how i feel,0.5974999999999999,0.5365,5.5,-8.982,1.0,0.0569,0.425,7.58e-06,0.1177,0.2935,112.6815
488 before dawn,0.446,0.2635,2.5,-10.940999999999999,1.0,0.03315,0.6755,0.00039899999999999994,0.104,0.269,128.1865
489 in the clear,0.593,0.618,3.5,-7.0775,1.0,0.039,0.060450000000000004,9.690000000000001e-05,0.128,0.475,99.009
49 it has begun,0.6765,0.6615,8.0,-7.805,0.0,0.0829,0.123,0.00043571,0.1305,0.498,105.113
490 small word,0.506,0.22,5.0,-13.77,1.0,0.0384,0.846,0.000179,0.111,0.247,115.227
491 what if,0.44,0.328,4.0,-9.237,1.0,0.02975,0.8095,0.0033049999999999998,0.10015,0.23399999999999999,118.162
492 can't control it,0.6715,0.755,7.5,-4.58,1.0,0.0542,0.0228,1.26e-05,0.10300000000000001,0.5495000000000001,126.9865
493 no more,0.4625,0.179,6.5,-13.469,1.0,0.0398,0.6839999999999999,0.00528,0.11,0.1535,127.66299999999998
494 loser,0.6365000000000001,0.41500000000000004,1.0,-9.1205,1.0,0.05595,0.631,7.685e-05,0.1385,0.3195,100.27199999999999
495 do you,0.449,0.2605,4.5,-12.2675,1.0,0.0344,0.8825000000000001,0.06603,0.121,0.241,98.999
496 keep me warm,0.392,0.187,5.0,-12.455,1.0,0.0346,0.903,0.124,0.114,0.157,120.082
497 call it even,0.5355000000000001,0.5660000000000001,6.0,-7.2615,1.0,0.032100000000000004,0.0849,0.005342,0.107,0.351,118.89099999999999
498 change the game,0.72,0.712,5.0,-5.446,0.0,0.0538,0.0535,0.000119,0.139,0.527,116.995
499 keeps getting better,0.4545,0.7925,3.0,-6.384,1.0,0.0402,0.0006335,0.00455,0.189,0.4235,113.9715
50 things that make sounds,0.61,0.67,4.5,-6.618,1.0,0.05575,0.195,8.275e-05,0.112,0.464,107.018
500 last call,0.52,0.508,6.0,-8.455,1.0,0.0351,0.427,0.00287,0.124,0.405,128.363
501 seasons,0.591,0.389,4.0,-10.746,1.0,0.0307,0.55,0.000269,0.111,0.379,111.933
502 good for you,0.479,0.517,9.0,-10.952,1.0,0.0322,0.481,0.373,0.111,0.302,121.998
503 looking up,0.6759999999999999,0.627,1.0,-6.217499999999999,1.0,0.2935,0.08685,0.0,0.321,0.6175,121.075
504 risk,0.582,0.207,4.0,-14.974,1.0,0.0347,0.93,0.00831,0.114,0.28,111.873
505 miles away,0.483,0.492,5.0,-8.728,1.0,0.035949999999999996,0.623,2.47e-05,0.105,0.48050000000000004,123.0615
506 find a way,0.526,0.317,3.5,-11.625,1.0,0.0344,0.6925,0.343,0.1195,0.35,129.831
507 lucky,0.54,0.63,8.0,-10.108,1.0,0.0363,0.0218,0.00884,0.124,0.489,110.171
508 let it roll,0.591,0.58,7.0,-8.688,1.0,0.0369,0.397,0.0395,0.133,0.419,98.943
509 end of days,0.507,0.646,6.5,-8.679,1.0,0.03315,0.0339,0.01919,0.1175,0.365,133.3345
51 elise,0.537,0.534,2.0,-9.018,1.0,0.031,0.334,0.0031,0.138,0.314,132.966
510 i've got mine,0.445,0.36,2.0,-11.338,1.0,0.0308,0.464,0.000392,0.112,0.264,113.882
511 see me in a dream,0.446,0.647,4.0,-9.969,1.0,0.0353,0.0768,0.000715,0.111,0.321,113.176
512 suburbs,0.574,0.459,5.0,-8.4665,1.0,0.0435,0.625,0.0,0.154,0.259,129.914
513 what happened,0.49950000000000006,0.5295000000000001,9.0,-8.288499999999999,1.0,0.0329,0.19,0.0011605,0.11599999999999999,0.26649999999999996,126.364
514 don’t cry,0.592,0.296,5.0,-10.899,1.0,0.0324,0.567,0.472,0.111,0.31,114.066
515 best of me,0.49850000000000005,0.4095,5.0,-8.317499999999999,1.0,0.04535,0.4425,0.0003475,0.125,0.3125,100.941
516 get along,0.5345,0.7005,4.0,-8.253,1.0,0.05265,0.0662,0.01825,0.11299999999999999,0.5095000000000001,136.26350000000002
517 figure you out,0.5275000000000001,0.4185,7.5,-11.4915,1.0,0.03705,0.616,5.3215e-05,0.1215,0.4185,120.6015
518 think i love you,0.462,0.27,6.5,-12.882,1.0,0.03635,0.9155,0.00010985,0.1195,0.488,112.67949999999999
519 make a wish,0.552,0.43500000000000005,3.0,-7.844,1.0,0.0275,0.2675,0.00030715,0.121,0.2435,130.038
52 annie,0.6265000000000001,0.6415,4.5,-6.394,1.0,0.05184999999999999,0.0887,0.0013985,0.22899999999999998,0.3635,111.5055
520 set me free,0.44999999999999996,0.4075,2.5,-9.849,1.0,0.03695,0.7065,9.5e-07,0.11099999999999999,0.242,134.53
521 to be with you,0.554,0.725,3.0,-8.293,1.0,0.0331,0.126,0.0365,0.108,0.638,122.118
522 it's your world,0.652,0.625,9.0,-7.071,0.0,0.174,0.415,5.05e-06,0.139,0.298,117.284
523 go back,0.539,0.324,2.0,-10.509,1.0,0.0305,0.721,0.00294,0.13,0.249,113.712
524 are you here,0.466,0.27949999999999997,5.5,-11.794,1.0,0.0327,0.6225,0.02445,0.1135,0.326,137.054
525 want too much,0.472,0.404,7.0,-11.118,1.0,0.0311,0.664,0.000484,0.115,0.427,132.408
526 maybe,0.508,0.8654999999999999,4.0,-4.391,1.0,0.04475,0.00218,0.0002705,0.1027,0.365,142.024
527 backwards,0.554,0.511,4.0,-10.859,1.0,0.0314,0.635,0.0377,0.121,0.371,106.016
528 too soon,0.5745,0.652,6.0,-9.212499999999999,1.0,0.035750000000000004,0.22949999999999998,0.0001292,0.189,0.599,107.081
529 good time,0.49350000000000005,0.5065,4.5,-7.5905000000000005,1.0,0.032299999999999995,0.227,0.17229999999999998,0.1225,0.296,143.04399999999998
53 leyna,0.537,0.632,8.0,-6.208,0.0,0.0348,0.0154,0.000241,0.132,0.508,123.997
530 hard to change,0.579,0.479,5.0,-9.8575,1.0,0.0339,0.264,0.00388,0.112,0.4435,109.748
531 change my mind,0.45799999999999996,0.7845,2.0,-6.3105,1.0,0.03345,0.08410000000000001,0.077,0.13,0.424,165.332
532 can't unsee,0.424,0.37,4.0,-10.229,1.0,0.029,0.494,0.00157,0.104,0.404,129.516
533 i wish,0.4585,0.312,4.5,-10.1685,1.0,0.03325,0.7915,0.001885,0.1055,0.27149999999999996,125.446
534 make it up,0.6345000000000001,0.6925,4.5,-6.3075,1.0,0.029650000000000003,0.05475,0.000132,0.21400000000000002,0.678,101.66900000000001
535 in the morning,0.5265,0.262,6.0,-11.7325,1.0,0.03475,0.819,0.00091955,0.1145,0.239,116.98249999999999
536 sad disco,0.707,0.7435,8.5,-4.906000000000001,1.0,0.04055,0.027249999999999996,0.00025235,0.13795000000000002,0.6699999999999999,112.0515
537 losing my head,0.571,0.834,4.0,-5.651999999999999,0.0,0.0624,0.030449999999999998,0.01455,0.15350000000000003,0.516,127.9405
538 holding my breath,0.631,0.541,7.0,-7.891,1.0,0.0326,0.432,4.36e-05,0.129,0.453,118.358
539 our place,0.6265000000000001,0.5965,9.0,-7.236,1.0,0.06455,0.216,5.075e-05,0.118,0.21,135.0635
54 bravado,0.6779999999999999,0.7364999999999999,9.0,-6.497,0.0,0.14500000000000002,0.07915,1.008e-05,0.255,0.5685,93.972
540 never wrong,0.434,0.7315,6.5,-6.141,1.0,0.0405,0.04775,0.006395,0.202,0.479,129.9375
541 afterglow,0.5945,0.439,6.5,-9.754999999999999,1.0,0.032350000000000004,0.354,0.0019394999999999998,0.129,0.503,117.448
542 until it's gone,0.646,0.676,5.0,-5.975,1.0,0.0434,0.0356,2.13e-06,0.111,0.556,111.999
543 currents,0.429,0.432,8.0,-10.841,1.0,0.035,0.67,0.000109,0.115,0.244,125.723
544 genuine fake,0.46399999999999997,0.836,5.0,-5.287,1.0,0.03825,0.00561,0.0002455,0.14550000000000002,0.3145,113.7295
545 devil,0.471,0.349,4.0,-13.363,1.0,0.041499999999999995,0.8865000000000001,0.00028,0.1085,0.4075,148.9495
546 wishes,0.40449999999999997,0.497,3.0,-7.737,1.0,0.0312,0.1174,0.000156,0.125,0.185,105.8525
547 emotional,0.585,0.652,2.0,-6.336,1.0,0.0441,0.0568,0.00016,0.134,0.287,119.884
548 white lies,0.4375,0.369,4.5,-10.5225,1.0,0.0346,0.7815,0.00016235000000000002,0.126,0.28600000000000003,123.874
549 wait and see,0.6695,0.6525000000000001,4.0,-7.6175,1.0,0.04425,0.159,0.0006385,0.1485,0.641,117.798
55 glow,0.72,0.676,3.0,-6.451,1.0,0.0419,0.122,0.000596,0.119,0.509,110.978
550 someone to love,0.467,0.379,7.0,-8.006,1.0,0.0323,0.117,6.18e-05,0.128,0.384,93.073
551 of course,0.585,0.413,6.0,-9.416,1.0,0.035,0.647,0.001665,0.119,0.4315,113.2125
552 your biggest fan,0.535,0.6094999999999999,6.0,-7.0455000000000005,1.0,0.03225,0.097,0.00449,0.154,0.3825,141.389
553 i'm not scared,0.587,0.178,9.0,-13.803,1.0,0.033,0.888,1.73e-05,0.146,0.242,95.972
554 problem,0.6459999999999999,0.594,3.5,-9.2835,1.0,0.05345,0.1537,0.007464999999999999,0.1055,0.3175,118.886
555 don’t pretend,0.5640000000000001,0.5900000000000001,4.5,-10.3925,1.0,0.0283,0.3275,7.57e-05,0.1085,0.46299999999999997,113.04849999999999
556 good intentions,0.595,0.532,3.0,-7.446,1.0,0.181,0.137,5.14e-06,0.182,0.545,89.667
557 no water,0.544,0.593,4.0,-8.303999999999998,1.0,0.0357,0.2315,0.0007030000000000001,0.1185,0.3495,123.613
558 too good for me,0.40549999999999997,0.261,7.0,-10.699,1.0,0.03685,0.8694999999999999,0.0238535,0.16,0.2535,138.947
559 higher,0.6895,0.515,5.0,-7.8535,0.5,0.0422,0.4215,0.0041765000000000005,0.1205,0.442,121.04750000000001
56 your weakest moments,0.45799999999999996,0.558,6.0,-9.631499999999999,1.0,0.03105,0.3305,0.0005095,0.10025,0.378,120.42949999999999
560 do you feel it,0.6675,0.6815,0.5,-6.0435,1.0,0.0436,0.0605,1.2159999999999999e-05,0.09964999999999999,0.5615,104.53049999999999
561 clean,0.49150000000000005,0.708,5.0,-5.8925,1.0,0.036000000000000004,0.12380000000000001,3.365e-06,0.0999,0.253,147.489
562 life’s so fun,0.513,0.759,8.0,-5.6855,1.0,0.0444,0.030199999999999998,0.0,0.162,0.4495,97.006
563 brighter days,0.665,0.6645000000000001,6.0,-8.337,0.5,0.04685,0.23349999999999999,6.955e-05,0.10550000000000001,0.6415,94.11500000000001
564 villain,0.6910000000000001,0.6685000000000001,6.5,-5.0120000000000005,1.0,0.09095,0.28550000000000003,2.19e-06,0.1016,0.8434999999999999,89.77799999999999
565 in the future,0.598,0.186,4.0,-11.9885,1.0,0.0328,0.77,0.006765,0.121,0.225,105.39599999999999
566 fade,0.539,0.483,4.0,-10.309,1.0,0.0343,0.761,0.015,0.111,0.6,144.296
567 this time around,0.481,0.381,5.0,-12.48,1.0,0.0325,0.623,0.000537,0.113,0.373,129.345
568 no longer,0.516,0.1585,4.0,-12.892,1.0,0.0472,0.835,9.9e-05,0.11,0.3095,132.57
569 out of reach,0.5235000000000001,0.499,5.0,-11.0265,1.0,0.035250000000000004,0.372,0.1415,0.1245,0.3185,121.396
57 wildheart,0.551,0.8029999999999999,6.0,-5.7645,1.0,0.04235,0.0831,0.06622,0.2215,0.5409999999999999,123.01750000000001
570 bone and blood,0.562,0.282,4.0,-9.943,1.0,0.0311,0.84,0.000272,0.125,0.248,116.761
571 magnet,0.542,0.667,4.0,-7.001,1.0,0.0581,0.038,0.002,0.125,0.563,147.987
572 bad dream,0.509,0.402,5.0,-11.389,1.0,0.0401,0.786,0.000182,0.105,0.378,125.801
573 do you care if i stay,0.466,0.446,4.0,-9.415,1.0,0.039,0.309,0.0168,0.102,0.219,119.605
574 if you want to,0.6765,0.648,5.0,-6.0634999999999994,0.0,0.0508,0.04745,0.00010215,0.10485,0.545,93.121
575 wake up,0.5425,0.5945,2.0,-8.5315,1.0,0.033850000000000005,0.2155,0.0014399999999999999,0.113,0.369,115.61949999999999
576 find,0.581,0.254,4.0,-14.903,1.0,0.0365,0.779,0.0653,0.0956,0.278,110.069
577 will you,0.476,0.256,6.0,-11.395,1.0,0.0292,0.841,0.000906,0.111,0.176,101.96
578 now i'm older,0.514,0.5349999999999999,4.5,-7.399,1.0,0.035,0.33799999999999997,0.0004795,0.1105,0.263,115.073
579 weakness,0.522,0.37,7.0,-10.228,1.0,0.0309,0.667,0.0109,0.157,0.363,116.98
580 strange reality,0.48,0.25,4.0,-12.659,1.0,0.0392,0.559,0.446,0.1,0.331,118.04
581 cover me,0.55,0.558,5.0,-8.83,1.0,0.0315,0.402,0.05,0.125,0.421,122.277
582 shadow,0.484,0.214,4.0,-13.991,1.0,0.0355,0.945,0.0125,0.11,0.205,98.863
583 trying to change,0.442,0.318,0.0,-9.32,1.0,0.0295,0.608,0.000451,0.0993,0.171,144.3175
584 worlds away,0.55,0.274,5.0,-13.719,1.0,0.0309,0.75,0.00133,0.124,0.319,93.97
585 wilting,0.4575,0.183,7.0,-13.79,1.0,0.0382,0.869,0.01139,0.111,0.27449999999999997,113.577
586 good reason,0.582,0.561,4.0,-6.516,1.0,0.0326,0.296,0.00838,0.101,0.342,142.13
587 you too,0.445,0.365,5.0,-8.956,1.0,0.0377,0.731,1.47e-06,0.124,0.27,110.927
588 surrender,0.5435000000000001,0.31999999999999995,2.5,-11.0295,1.0,0.029249999999999998,0.6505000000000001,0.2325,0.1095,0.2165,101.979
589 left a mark,0.682,0.575,6.0,-7.473,1.0,0.113,0.499,9.2e-06,0.0977,0.494,122.804
"59 ladies, tell 'em",0.569,0.5515,7.0,-7.3955,1.0,0.05735,0.1264,0.0008914999999999999,0.2125,0.375,112.37899999999999
590 every time,0.515,0.538,6.0,-8.735,1.0,0.03005,0.338,0.01185,0.185,0.346,128.54899999999998
591 gone soon,0.55,0.306,4.0,-10.8305,1.0,0.030850000000000002,0.7135,0.004195,0.1355,0.4095,118.031
592 patient,0.46399999999999997,0.225,3.5,-9.366,1.0,0.0348,0.8095,0.001186,0.1145,0.2065,81.5505
593 the best is yet to come,0.4535,0.20350000000000001,5.0,-14.8695,1.0,0.03695,0.848,0.2416,0.109,0.23349999999999999,115.6105
594 if you go,0.759,0.636,2.0,-7.712,1.0,0.0467,0.379,0.0072,0.113,0.421,120.954
595 no deal,0.704,0.4735,8.5,-8.930499999999999,0.5,0.04245,0.346,0.00713,0.1067,0.509,123.918
596 eleven eleven,0.529,0.5235000000000001,4.0,-8.602,1.0,0.0299,0.222,0.000877,0.1165,0.372,118.9205
597 feels like home,0.4285,0.6875,7.5,-7.2015,1.0,0.04665,0.0127,0.22049999999999997,0.2195,0.36250000000000004,146.59750000000003
598 see you around,0.547,0.23349999999999999,4.0,-12.4015,1.0,0.032549999999999996,0.6795,0.002033,0.10500000000000001,0.2515,116.5395
599 more than,0.445,0.393,7.0,-12.092,1.0,0.0316,0.632,0.000631,0.111,0.368,105.716
60 mother mary,0.5255000000000001,0.7364999999999999,6.0,-6.6325,1.0,0.0495,0.21200000000000002,0.005685,0.129,0.49,127.945
600 hidden meaning,0.488,0.377,4.0,-8.697,1.0,0.03695,0.608,0.000158,0.125,0.371,131.22199999999998
601 off chance,0.603,0.442,2.0,-7.736,1.0,0.0291,0.53,5.6710000000000004e-05,0.114,0.428,130.543
602 reputation,0.721,0.684,7.0,-6.498,1.0,0.122,0.181,7.46e-05,0.224,0.485,125.005
603 restless heart,0.523,0.468,3.0,-10.32,1.0,0.0324,0.42,1.18e-05,0.162,0.528,102.46
604 i just do,0.477,0.3725,1.5,-9.956499999999998,1.0,0.0432,0.623,0.0011565,0.105,0.34199999999999997,123.013
605 when you’re not around,0.522,0.731,3.0,-7.294499999999999,1.0,0.036500000000000005,0.1415,0.006331000000000001,0.111,0.46699999999999997,116.83500000000001
606 seem to,0.553,0.481,3.0,-8.31,1.0,0.0311,0.119,0.314,0.107,0.305,96.523
607 long gone,0.532,0.473,4.0,-8.713,1.0,0.0319,0.302,0.00199,0.165,0.361,107.939
608 shotgun,0.572,0.349,2.0,-11.647,1.0,0.0408,0.806,0.00145,0.111,0.239,124.542
609 darkest before the dawn,0.502,0.854,7.0,-6.3355,1.0,0.045700000000000005,0.0766,0.001581,0.29300000000000004,0.53,140.0035
61 losing touch/taking hold,0.593,0.72,4.0,-6.908,0.0,0.0369,0.0533,0.0105,0.101,0.49,124.97
610 disguise,0.545,0.364,7.0,-11.219,1.0,0.029,0.817,0.0024,0.116,0.208,104.011
611 just like this,0.483,0.372,4.0,-11.572,1.0,0.0389,0.876,0.00312,0.101,0.367,99.838
612 too much of a good thing,0.58,0.2685,2.5,-14.945,1.0,0.037349999999999994,0.794,0.000203,0.11,0.581,136.35000000000002
613 all the best,0.558,0.238,4.0,-11.026,1.0,0.0305,0.872,1.56e-05,0.113,0.357,119.939
614 dark side,0.438,0.33199999999999996,4.5,-10.986,1.0,0.033299999999999996,0.646,0.00425,0.1095,0.2645,114.781
615 behold,0.495,0.294,5.0,-10.116,1.0,0.03455,0.6025,0.013835,0.09285,0.331,134.814
616 beautiful sound,0.473,0.33199999999999996,6.0,-11.5135,1.0,0.030100000000000002,0.736,0.006405,0.159,0.351,111.662
617 who do you love,0.572,0.498,7.0,-8.374,1.0,0.0316,0.537,0.000768,0.126,0.331,120.171
618 the right time,0.617,0.521,2.0,-8.582,1.0,0.0342,0.248,0.000216,0.0862,0.363,119.058
619 do you ever,0.556,0.6,3.0,-7.137,1.0,0.0304,0.155,0.043,0.123,0.372,111.96
62 my favorite mistake,0.653,0.677,7.5,-6.5285,0.5,0.07955000000000001,0.3085,0.0012655,0.1295,0.478,118.561
620 throwing shadows,0.5549999999999999,0.356,1.5,-13.703,1.0,0.0361,0.7985,0.0010105000000000001,0.1115,0.285,110.23249999999999
621 think about you,0.387,0.3305,8.5,-13.082,1.0,0.0348,0.6495,0.392,0.126,0.199,115.7905
622 if you want me to,0.649,0.335,6.0,-8.629,1.0,0.0411,0.781,0.00728,0.0904,0.375,126.138
623 when this is over,0.514,0.327,9.0,-11.702,1.0,0.0292,0.478,0.000683,0.215,0.265,148.004
624 in the end,0.527,0.527,6.0,-7.472,1.0,0.0391,0.59,0.000392,0.126,0.479,128.071
625 mystery of life,0.4305,0.521,5.0,-10.831,1.0,0.036199999999999996,0.5389999999999999,0.2585,0.1225,0.273,109.231
626 talking you away,0.505,0.3715,3.0,-11.24,1.0,0.0326,0.7715000000000001,0.003515,0.11649999999999999,0.1915,108.445
627 haven,0.5245,0.639,5.0,-7.892,1.0,0.06459999999999999,0.2995,0.00012585,0.101,0.361,123.955
628 room for us ,0.499,0.33899999999999997,3.0,-12.0735,1.0,0.029949999999999997,0.3215,2.815e-05,0.1135,0.2635,103.9615
629 inside my head,0.502,0.6365000000000001,5.0,-7.191,1.0,0.03395,0.0256,0.006005,0.1575,0.33599999999999997,108.00399999999999
63 wishing well,0.4425,0.4675,7.0,-9.352,1.0,0.0382,0.173,0.009425000000000001,0.112,0.1995,120.5235
630 i still know you,0.452,0.499,4.0,-9.2715,1.0,0.0338,0.10769999999999999,0.002353,0.117,0.20500000000000002,133.6385
631 faultline,0.405,0.467,9.0,-10.846,1.0,0.0327,0.799,0.178,0.112,0.0754,118.56
632 now you're everywhere,0.512,0.384,2.0,-10.338,1.0,0.0319,0.549,0.0119,0.0954,0.216,140.017
633 recall,0.447,0.3225,3.0,-12.366,1.0,0.033049999999999996,0.763,0.01677,0.114,0.22,101.07
634 had to go,0.4105,0.27549999999999997,4.0,-12.276,1.0,0.030100000000000002,0.597,0.019985,0.107,0.2235,131.7575
635 this close,0.5575000000000001,0.316,7.0,-12.307500000000001,1.0,0.036199999999999996,0.431,0.00208,0.103,0.4075,111.26849999999999
636 the shape,0.5894999999999999,0.47900000000000004,7.5,-9.6675,1.0,0.04185,0.499,0.11049999999999999,0.12,0.5475,126.537
637 champion,0.665,0.588,4.0,-9.566,0.0,0.0339,0.176,0.0177,0.13,0.598,118.01
638 could it be,0.5225,0.426,5.5,-10.377500000000001,1.0,0.0312,0.801,0.000745,0.106,0.2575,101.6905
639 try to resist,0.529,0.488,1.0,-8.672,1.0,0.0349,0.59,4.7e-06,0.109,0.214,112.993
64 vultures,0.5825,0.656,7.5,-6.775,0.5,0.223,0.347,0.0,0.206,0.5265,89.947
640 might have been,0.472,0.7005,7.0,-7.249499999999999,1.0,0.04105,0.08549999999999999,0.14095,0.1395,0.514,126.404
641 pin you down,0.492,0.628,6.0,-7.626,1.0,0.0328,0.159,0.00833,0.104,0.407,99.904
642 ready to go,0.765,0.727,6.0,-6.305,0.0,0.0538,0.0443,3.28e-05,0.123,0.807,108.966
643 confess,0.447,0.23,4.0,-13.038,1.0,0.0305,0.855,0.00905,0.112,0.16,126.382
644 in the nothing,0.4995,0.4965,5.5,-8.827,1.0,0.03795,0.5509999999999999,0.00436,0.112,0.514,131.7935
645 keep me waiting,0.537,0.475,6.0,-11.572,1.0,0.0296,0.313,0.49,0.11,0.43,111.459
646 stay here forever,0.462,0.268,4.0,-10.4,1.0,0.0322,0.865,0.000118,0.105,0.181,118.371
647 the way things are,0.609,0.5065,3.0,-9.1195,1.0,0.0341,0.41100000000000003,0.06525,0.1185,0.307,105.008
648 ever since,0.563,0.751,3.0,-5.8629999999999995,1.0,0.0572,0.012544999999999999,2.255e-05,0.2015,0.247,115.996
649 memorized,0.479,0.369,5.0,-10.171,1.0,0.0313,0.659,0.0456,0.112,0.257,104.866
65 pride,0.502,0.835,5.0,-6.14,1.0,0.0432,0.172,8.67e-05,0.124,0.268,111.024
650 believer,0.5175,0.528,1.5,-9.033,1.0,0.03025,0.771,0.20945,0.125,0.204,111.5405
651 the dead of night,0.565,0.8345,2.5,-5.185499999999999,1.0,0.04465,0.008719999999999999,0.00404,0.104,0.577,123.4935
652 lose myself,0.575,0.5529999999999999,5.0,-9.3005,1.0,0.03395,0.29400000000000004,0.09215000000000001,0.11649999999999999,0.4075,127.2495
653 be ready,0.8015000000000001,0.711,7.0,-7.162,0.0,0.1735,0.1051,0.0004935,0.1185,0.523,109.6105
654 sometimes i wonder,0.628,0.697,3.0,-4.892,1.0,0.0382,0.00813,0.372,0.119,0.426,132.993
655 tell you everything,0.7295,0.7264999999999999,7.5,-5.5145,0.0,0.058550000000000005,0.05,0.0002024,0.14100000000000001,0.7230000000000001,106.9905
656 admit it,0.473,0.548,4.0,-8.732,1.0,0.0303,0.05065,0.051399999999999994,0.148,0.36250000000000004,119.053
657 from afar,0.508,0.213,7.0,-13.998,1.0,0.0354,0.825,0.000122,0.123,0.386,100.764
658 a leap of the heart,0.583,0.715,6.0,-8.383,1.0,0.0462,0.0988,0.237,0.178,0.251,125.601
659 closure,0.591,0.543,2.0,-8.324,1.0,0.0347,0.658,0.000606,0.114,0.332,125.001
66 midnight,0.425,0.8025,6.0,-6.3740000000000006,0.0,0.0548,0.008575,0.08499999999999999,0.11449999999999999,0.4555,129.049
660 no cure,0.655,0.654,4.0,-7.364,1.0,0.0408,0.115,3.97e-05,0.112,0.489,120.018
661 stranger,0.404,0.408,4.0,-9.474,1.0,0.0295,0.25,0.000178,0.123,0.255,108.554
662 came apart at the seams,0.647,0.33,2.0,-11.623,1.0,0.0322,0.697,0.0,0.112,0.429,117.947
663 looking for signs,0.5125,0.3615,5.0,-10.506,1.0,0.032549999999999996,0.715,0.0002005,0.106,0.209,104.69900000000001
664 in the mirror,0.612,0.46199999999999997,8.0,-9.3145,1.0,0.0314,0.2145,0.022215,0.109,0.494,117.014
665 live in the past,0.659,0.6605000000000001,4.5,-5.5760000000000005,0.5,0.06085,0.08585000000000001,1.495e-06,0.16399999999999998,0.482,118.393
666 i always,0.586,0.651,8.0,-8.495,1.0,0.084,0.0905,0.069,0.13,0.687,134.079
667 wasted,0.475,0.269,3.0,-14.091000000000001,1.0,0.04,0.875,0.00263,0.108,0.262,122.59450000000001
668 thank you,0.586,0.32999999999999996,6.5,-9.023,1.0,0.0325,0.79,0.001229,0.11699999999999999,0.3885,106.129
669 like a dream to me now,0.405,0.404,9.0,-10.995,1.0,0.0292,0.19,0.0482,0.126,0.3725,112.1825
67 paved paradise,0.62,0.5375,7.5,-8.322000000000001,1.0,0.0865,0.2245,1.215e-06,0.1545,0.541,108.36099999999999
670 see through me,0.502,0.822,6.0,-6.397,1.0,0.04045,0.0017200000000000002,0.00218,0.1865,0.6845,130.96
671 the thing i knew as love,0.44799999999999995,0.241,7.0,-15.695999999999998,1.0,0.0361,0.9165000000000001,0.0448,0.113,0.127,125.2245
672 i'll be honest,0.7030000000000001,0.5894999999999999,3.5,-6.9415,1.0,0.043800000000000006,0.174,3.3979999999999997e-05,0.236,0.671,113.515
673 saw your heart,0.547,0.276,6.0,-11.956,1.0,0.0303,0.786,0.0,0.111,0.15,110.109
674 never gonna love again,0.6625000000000001,0.7304999999999999,7.0,-5.786,1.0,0.0725,0.03455,2.06e-05,0.105,0.6045,123.118
675 desperate,0.519,0.311,7.0,-11.047,1.0,0.0315,0.677,0.0242,0.114,0.291,121.059
676 cross my mind,0.606,0.662,1.0,-8.086,1.0,0.0582,0.239,2.23e-06,0.122,0.367,119.95
677 do this again,0.532,0.623,5.0,-7.109,1.0,0.0402,0.429,1.66e-06,0.101,0.352,113.582
678 and there's you,0.484,0.235,3.0,-13.443,1.0,0.0343,0.888,0.000963,0.109,0.216,92.745
679 grief,0.479,0.499,7.0,-9.66,1.0,0.0713,0.295,0.3,0.103,0.453,142.088
68 conformity,0.502,0.718,7.0,-6.4045,1.0,0.03795,0.01825,0.0002025,0.1325,0.3615,139.69799999999998
680 mistake,0.445,0.463,4.0,-9.792,1.0,0.0305,0.129,0.023,0.124,0.376,137.024
681 talk around it,0.504,0.386,6.0,-10.413,0.0,0.0353,0.638,0.000487,0.104,0.494,131.911
682 every now and then,0.541,0.587,5.0,-7.238,1.0,0.0518,0.11,0.0,0.169,0.402,120.085
683 meaning to say,0.658,0.742,4.0,-7.822,1.0,0.0284,0.169,1.64e-05,0.12,0.731,119.008
684 some dream,0.5945,0.2435,5.5,-13.2345,1.0,0.038650000000000004,0.849,0.00554,0.111,0.349,113.42099999999999
685 don't let go,0.594,0.523,7.0,-7.36,1.0,0.0352,0.429,8.86e-05,0.147,0.455,114.926
686 graceless,0.6545000000000001,0.776,7.5,-5.359500000000001,1.0,0.054,0.0581,0.000539,0.1065,0.549,118.512
687 truly,0.4475,0.799,4.0,-5.919499999999999,1.0,0.03294999999999999,0.0315,0.053250000000000006,0.297,0.35150000000000003,126.984
688 tell me you love me,0.442,0.172,6.0,-13.8505,1.0,0.03435,0.893,0.0021000000000000003,0.1115,0.2025,122.743
689 make a wish,0.5475000000000001,0.438,6.5,-10.541,1.0,0.030199999999999998,0.5465,0.001043,0.151,0.5285,102.31700000000001
69 can't breathe,0.5609999999999999,0.779,6.5,-5.6185,0.0,0.04265,0.0411,0.001949855,0.1425,0.5205,113.042
690 highway,0.556,0.584,7.0,-7.364,1.0,0.0363,0.35,3.24e-05,0.112,0.507,91.648
691 can i tell you something,0.3145,0.2465,0.0,-13.81,1.0,0.0338,0.76,0.00128,0.117,0.241,102.4665
692 wide awake,0.55,0.247,2.0,-13.64,1.0,0.0393,0.841,0.000977,0.111,0.44,133.894
693 i know you see me,0.579,0.267,3.0,-12.232,1.0,0.0338,0.713,0.00634,0.123,0.353,123.98
694 same old song,0.5085,0.27649999999999997,1.5,-12.535,1.0,0.0361,0.6675,0.001811,0.09915,0.354,114.139
695 letting you go,0.55,0.244,2.0,-12.605,1.0,0.0327,0.868,0.0182,0.115,0.26,85.359
696 if you dare me,0.544,0.63,2.0,-7.7255,1.0,0.0346,0.12475,0.15255000000000002,0.1365,0.393,128.245
697 think of me,0.4995,0.308,5.5,-10.395,1.0,0.04455,0.76,6.725e-05,0.1135,0.3315,113.88
698 your fool,0.498,0.264,5.0,-11.303,1.0,0.0371,0.927,0.00227,0.113,0.355,112.847
699 nightmare,0.542,0.634,9.0,-7.0005,0.0,0.219,0.16349999999999998,2.235e-06,0.174,0.4975,131.024
70 sunshine rains down,0.6739999999999999,0.6094999999999999,3.0,-7.3875,1.0,0.0402,0.07819999999999999,1.76e-05,0.2225,0.377,119.9995
700 get better,0.541,0.528,5.0,-8.495,1.0,0.0347,0.217,0.0182,0.114,0.361,126.319
700 get better (unedited),0.514,0.515,5.0,-8.495,1.0,0.0346,0.295,0.0015,0.116,0.332,125.018
701 it never ends,0.635,0.62,1.0,-6.686,1.0,0.0406,0.0604,0.00156,0.115,0.45,125.018
702 if you need me,0.771,0.677,4.0,-5.705,0.0,0.0656,0.0964,0.0,0.241,0.496,120.086
703 i like it,0.624,0.431,1.0,-9.251,1.0,0.0616,0.323,6.1e-05,0.124,0.41,99.773
704 running home,0.596,0.257,4.5,-12.246500000000001,1.0,0.032049999999999995,0.9265000000000001,0.00045999999999999996,0.112,0.357,124.553
705 so good,0.6845,0.7164999999999999,7.0,-6.204000000000001,1.0,0.03945,0.03395,0.0005955,0.131,0.3435,112.464
706 meant to last,0.467,0.494,2.0,-10.537,1.0,0.0315,0.765,0.00407,0.11,0.295,97.957
707 it was you,0.333,0.756,7.0,-7.323,1.0,0.0391,0.0306,0.171,0.12,0.371,124.872
708 anybody else,0.453,0.3125,10.0,-10.978,1.0,0.0307,0.717,1.4249999999999999e-05,0.104,0.332,96.523
709 intertwined,0.609,0.676,2.0,-7.337,1.0,0.0346,0.201,0.316,0.114,0.355,110.328
71 walking disaster,0.529,0.705,5.0,-7.212,1.0,0.0348,0.252,0.00696,0.109,0.473,128.958
710 all to myself,0.4575,0.451,4.0,-8.0395,1.0,0.0329,0.4275,0.01031,0.1315,0.34450000000000003,118.11
711 delicate,0.443,0.514,3.0,-9.328,1.0,0.0322,0.202,0.00774,0.0979,0.14,130.168
712 still,0.514,0.381,3.5,-9.828,1.0,0.0556,0.603,1.0335e-05,0.2465,0.3065,85.72149999999999
713 love is just an accident,0.547,0.417,6.0,-8.31,1.0,0.0306,0.357,0.000713,0.113,0.232,110.048
714 these hands,0.545,0.4305,4.5,-11.317499999999999,1.0,0.0288,0.5815,0.013049999999999999,0.111,0.43,117.039
715 static,0.51,0.183,5.5,-15.106000000000002,1.0,0.03915,0.9105000000000001,0.00015549999999999999,0.112,0.2385,129.179
716 i've been feeling,0.585,0.4355,8.0,-9.995999999999999,1.0,0.03095,0.22899999999999998,0.0201,0.09955,0.21550000000000002,111.468
717 in my dream last night,0.5205,0.5225,5.0,-8.182,1.0,0.03015,0.1955,0.19005,0.113,0.347,117.50399999999999
718 coming to an end,0.6025,0.64,4.0,-7.0245,1.0,0.03835,0.1845,3.705e-06,0.15450000000000003,0.34750000000000003,128.043
719 mis secretos,0.746,0.535,6.0,-7.4775,0.5,0.06265000000000001,0.2485,7.305e-06,0.1275,0.5465,96.4665
72 parchment,0.65,0.746,1.0,-4.834,0.0,0.11,0.074,0.000142,0.144,0.509,112.993
720 next time,0.687,0.657,1.0,-6.389,1.0,0.0564,0.0836,0.000213,0.198,0.554,113.0
721 this love,0.483,0.213,4.0,-16.531,1.0,0.0385,0.915,0.419,0.107,0.183,99.965
722 nothing works,0.6655,0.622,6.0,-9.6995,0.5,0.0356,0.3705,0.13235,0.112,0.595,102.995
723 música eu sinto,0.589,0.283,5.0,-13.181,0.0,0.0409,0.83,0.648,0.149,0.487,113.683
724 i won't remember,0.5325,0.461,5.0,-10.424,1.0,0.03025,0.461,0.528,0.123,0.326,127.3285
725 i don't wanna be loved,0.47050000000000003,0.7525,2.0,-6.025,1.0,0.035199999999999995,0.126,0.565,0.1505,0.475,131.969
726 do you believe it,0.618,0.271,6.5,-12.372,1.0,0.030850000000000002,0.8334999999999999,0.002426,0.1001,0.421,102.565
727 watch me,0.512,0.46799999999999997,3.0,-7.6335,0.5,0.0552,0.2515,0.00787,0.1185,0.2205,120.571
728 found myself,0.5825,0.4645,8.5,-10.547,1.0,0.03955,0.581,0.028700000000000003,0.1165,0.326,127.6075
729 when i'm over you,0.512,0.204,7.0,-12.192,1.0,0.0399,0.867,0.0247,0.104,0.226,126.16
73 i pledge allegiance,0.568,0.496,6.0,-9.177,1.0,0.0346,0.189,0.00033,0.129,0.534,132.002
730 nowhere else,0.5135000000000001,0.651,4.5,-6.971500000000001,1.0,0.03215,0.3055,0.04985,0.153,0.315,136.724
731 wherever i have gone,0.5405,0.364,2.5,-9.643,1.0,0.03185,0.6755,0.0022500000000000003,0.1015,0.217,119.53450000000001
732 i always break my own heart,0.356,0.565,3.0,-6.626,1.0,0.0294,0.467,0.00779,0.111,0.33,113.106
733 you always know,0.764,0.71,4.0,-7.066,1.0,0.0565,0.2005,0.1632,0.11099999999999999,0.643,113.008
734 baby,0.6675,0.474,9.5,-8.2985,0.0,0.0722,0.4185,0.023119999999999998,0.11499999999999999,0.3715,119.7555
735 maybe nothing,0.47650000000000003,0.746,7.0,-7.1690000000000005,1.0,0.04185,0.0467,0.191,0.125,0.4235,118.8345
736 game of chance,0.4505,0.2425,3.0,-12.3035,1.0,0.03475,0.92,0.000528,0.13,0.196,113.617
737 idol,0.5934999999999999,0.39549999999999996,2.0,-12.1815,1.0,0.032350000000000004,0.731,0.003515,0.1145,0.357,118.1215
738 hit up,0.7765,0.6114999999999999,6.5,-8.087,1.0,0.0978,0.13,0.00112,0.105,0.6515,110.8725
739 this always happens,0.41800000000000004,0.301,3.5,-12.620000000000001,1.0,0.03605,0.8414999999999999,0.018675,0.1125,0.2475,105.5325
74 forget?,0.659,0.6285000000000001,4.5,-6.647500000000001,1.0,0.05085,0.31,0.000356,0.135,0.592,107.0085
740 don’t you break my heart,0.635,0.552,11.0,-8.888,0.0,0.0329,0.0616,0.00812,0.131,0.248,114.017
741 spinning out,0.503,0.687,4.0,-7.165,1.0,0.0375,0.00344,0.0219,0.167,0.307,104.99
742 hands,0.597,0.552,1.0,-9.526,1.0,0.0437,0.5269999999999999,0.0044599999999999996,0.10035,0.359,119.965
743 to see you so changed,0.3355,0.1935,8.0,-12.367,1.0,0.03835,0.8885000000000001,0.00756,0.1155,0.164,125.5775
744 i wanna change,0.556,0.44,5.0,-9.057,1.0,0.035,0.692,2.92e-05,0.112,0.378,99.086
745 good news,0.4945,0.331,3.0,-11.606,1.0,0.0399,0.819,0.0119,0.1085,0.151,128.279
746 live forever,0.539,0.88,2.0,-7.012,1.0,0.0449,0.0369,0.00424,0.239,0.736,113.01
747 give it up,0.752,0.637,7.0,-7.337,1.0,0.0542,0.211,0.0474,0.107,0.673,112.888
748 maze,0.6114999999999999,0.5325,3.0,-6.9990000000000006,1.0,0.04185,0.12445,0.00171,0.1295,0.41400000000000003,140.528
749 worth it,0.705,0.648,4.0,-6.348,1.0,0.149,0.505,0.0522,0.128,0.741,84.723
75 just in case,0.519,0.451,4.0,-10.155,1.0,0.0482,0.547,0.036,0.0983,0.333,106.023
750 i don't know why,0.44,0.2695,1.5,-11.847999999999999,1.0,0.034199999999999994,0.9285000000000001,5.945e-06,0.1245,0.274,121.987
751 mirror,0.52,0.214,2.0,-13.008,1.0,0.0381,0.867,2.05e-06,0.126,0.371,92.444
752 do no harm,0.498,0.3685,5.0,-10.14,1.0,0.03125,0.44699999999999995,0.002745,0.1125,0.23399999999999999,110.308
753 spell it out,0.563,0.3125,1.0,-12.0135,1.0,0.03245,0.844,0.00212,0.119,0.3095,135.3195
754 i'll tell you the truth,0.644,0.6025,4.5,-8.345500000000001,1.0,0.0321,0.6255,0.0025599999999999998,0.0975,0.3165,111.0325
755 if you want it,0.55,0.483,6.5,-7.053,1.0,0.03615,0.275,0.001641,0.134,0.6725,120.936
756 sometimes i feel sure,0.6134999999999999,0.22499999999999998,3.5,-13.537,1.0,0.0361,0.8694999999999999,0.0035399999999999997,0.1005,0.4505,102.3385
757 chain reaction,0.552,0.6345000000000001,5.0,-8.02,1.0,0.0397,0.27049999999999996,0.045510049999999996,0.166,0.46799999999999997,122.9435
758 no relation,0.618,0.307,4.0,-11.267,1.0,0.0329,0.768,0.00333,0.121,0.511,122.777
759 my fortune,0.438,0.296,7.0,-11.064,1.0,0.0333,0.732,0.00141,0.109,0.316,120.587
76 everything you want,0.6565000000000001,0.5075000000000001,8.0,-6.2095,1.0,0.0983,0.187,6.075e-05,0.11149999999999999,0.4145,103.7745
760 everything for nothing,0.476,0.8,4.0,-5.262,1.0,0.0539,0.0316,0.0104,0.3,0.449,146.043
761 trying to forget,0.481,0.342,7.0,-12.696,1.0,0.0404,0.694,0.00357,0.143,0.262,128.453
762 ever since,0.5605,0.5655,3.5,-7.9735,1.0,0.03665,0.3385,7.740000000000001e-05,0.1175,0.36950000000000005,118.511
763 play pretend,0.49,0.722,2.0,-7.685,1.0,0.0358,0.0535,0.000769,0.112,0.228,104.882
764 you're the best thing,0.475,0.375,9.0,-12.653,1.0,0.0321,0.504,0.148,0.109,0.388,95.959
765 a million ways,0.614,0.387,3.0,-10.449,1.0,0.0524,0.873,0.0017,0.11,0.32,95.005
766 bad love,0.645,0.592,3.0,-7.037,1.0,0.047,0.135,0.000717,0.116,0.373,116.024
767 summer sweat,0.5055000000000001,0.325,8.5,-12.661999999999999,1.0,0.036699999999999997,0.7015,0.01729,0.115,0.3565,110.976
768 playing in my head,0.6,0.562,4.0,-7.461,1.0,0.0317,0.127,0.0102,0.267,0.485,141.035
769 till now,0.498,0.457,6.0,-11.416,1.0,0.0336,0.537,0.34,0.166,0.26,119.949
77 lonely heart,0.7705,0.6645,3.0,-5.732,0.0,0.0595,0.047549999999999995,5.1745e-05,0.112,0.502,110.575
770 caroline,0.646,0.651,4.0,-7.118,1.0,0.0433,0.235,4.01e-05,0.118,0.543,101.034
771 i think i,0.648,0.54,9.0,-6.398,0.0,0.0536,0.1189,1.1459999999999999e-05,0.12,0.6925,112.601
772 let me down,0.775,0.7050000000000001,4.5,-6.173500000000001,0.0,0.1205,0.2245,0.00231,0.10314999999999999,0.637,123.37700000000001
773 still mine,0.5565,0.5,5.0,-7.733499999999999,1.0,0.044899999999999995,0.2425,3.79e-05,0.12,0.484,129.5235
774 promises,0.352,0.1405,7.0,-13.022,1.0,0.0357,0.904,0.004285,0.1,0.153,114.848
775 am i ever gonna see you again,0.624,0.632,8.0,-7.797,1.0,0.0352,0.164,0.00184,0.102,0.66,131.272
776 i promised to forget you,0.47,0.281,7.0,-10.445,1.0,0.0299,0.756,3.48e-05,0.108,0.322,85.821
777 i regret you all the time,0.469,0.65,4.0,-8.769,1.0,0.0411,0.393,0.0027,0.121,0.345,148.212
778 know no better,0.61,0.531,2.0,-8.248,1.0,0.0371,0.492,0.00153,0.221,0.501,121.046
779 might as well,0.634,0.434,5.0,-11.416,1.0,0.035,0.518,0.129,0.185,0.159,112.184
78 no resolution,0.575,0.61,5.0,-6.7865,0.5,0.04005,0.2465,0.00169,0.1055,0.34850000000000003,118.3635
780 like it never happened,0.648,0.71,4.0,-6.384,1.0,0.0515,0.201,6.68e-05,0.109,0.453,110.939
781 forget it,0.499,0.54,6.0,-8.344,1.0,0.034,0.529,0.0014,0.106,0.411,133.949
782 heaven in your eyes,0.543,0.629,7.0,-8.65,1.0,0.037,0.24,0.000249,0.12,0.513,100.054
783 say no more,0.6755,0.666,1.0,-7.6535,1.0,0.0996,0.16849999999999998,0.11649999999999999,0.128,0.5105,112.623
784 burning up,0.565,0.358,7.0,-10.7035,1.0,0.028999999999999998,0.449,0.02685,0.116,0.3345,124.952
785 second try,0.439,0.277,5.0,-12.6985,1.0,0.0304,0.878,0.001725,0.11,0.27749999999999997,109.603
786 put me under the gun,0.468,0.29,3.0,-13.137,1.0,0.0353,0.778,0.138,0.0935,0.107,108.204
787 wish i didn't,0.577,0.47350000000000003,6.5,-8.238,1.0,0.03675,0.5455000000000001,1e-06,0.11,0.28300000000000003,91.03999999999999
788 making my heart change,0.569,0.498,7.0,-11.066,1.0,0.03435,0.477,0.1865,0.1125,0.4645,117.188
789 beyond reason,0.5529999999999999,0.337,2.0,-10.703,1.0,0.03485,0.8345,1.151e-05,0.111,0.40700000000000003,119.88550000000001
79 i wanna know,0.6925,0.5760000000000001,7.5,-9.039,1.0,0.05805,0.22899999999999998,0.059750000000000004,0.122,0.374,110.37049999999999
790 miss me,0.437,0.6955,5.5,-7.057,1.0,0.0442,0.03505,0.14025,0.13,0.334,144.075
791 your jewelry,0.425,0.325,4.0,-10.424,1.0,0.0371,0.894,0.000397,0.117,0.192,113.892
792 feel something,0.51,0.494,2.0,-10.376,1.0,0.0323,0.833,0.0381,0.112,0.324,119.993
793 just enough,0.4915,0.4505,3.0,-10.878,1.0,0.0361,0.6015,0.01265,0.1065,0.213,95.4495
794 can’t do without,0.595,0.715,2.0,-6.38,1.0,0.0534,0.0687,1.64e-05,0.102,0.705,110.058
795 change me,0.533,0.48450000000000004,4.5,-10.1485,1.0,0.03315,0.276,0.3805,0.11599999999999999,0.324,107.512
796 let me know,0.604,0.537,4.0,-9.629,1.0,0.0395,0.357,0.000794,0.204,0.388,139.941
797 the way you look at me,0.532,0.284,5.0,-12.605,1.0,0.0364,0.825,3.79e-05,0.111,0.346,123.54
798 get lonely,0.708,0.648,8.0,-7.1315,0.0,0.0534,0.101,0.0034149999999999996,0.09939999999999999,0.696,108.4705
799 deserve,0.435,0.374,6.0,-9.289,1.0,0.0308,0.635,0.003768,0.109,0.361,128.2655
80 searching,0.589,0.486,5.5,-10.558,1.0,0.0373,0.6145,0.0007495,0.1022,0.457,122.3625
800 come back to me,0.551,0.493,5.0,-9.162,1.0,0.035,0.542,0.000334,0.122,0.359,113.18
800 no relation (unedited),0.5505,0.493,5.0,-9.087,1.0,0.0361,0.52,0.000726,0.116,0.359,114.029
801 the real thing,0.5505,0.55,2.0,-8.2925,1.0,0.032049999999999995,0.415,0.000821105,0.09440000000000001,0.442,107.49600000000001
802 wanna be,0.6805,0.6214999999999999,4.0,-6.9855,1.0,0.09875,0.16999999999999998,6.557500000000001e-05,0.1355,0.648,96.372
803 how did you know,0.618,0.379,6.0,-11.728,1.0,0.0325,0.759,0.0267,0.123,0.289,125.913
804 counting down the days,0.6094999999999999,0.7515000000000001,4.5,-6.2844999999999995,1.0,0.0405,0.034949999999999995,0.015688,0.14600000000000002,0.721,131.10649999999998
805 start over,0.461,0.37,2.0,-8.548,1.0,0.0325,0.289,0.00119,0.109,0.342,94.985
806 love me for nothing,0.5095000000000001,0.526,5.0,-8.154499999999999,0.5,0.092,0.158,5.99e-06,0.184,0.3825,119.118
807 keep my cool,0.755,0.668,3.5,-7.626,1.0,0.0713,0.198,0.0038050000000000002,0.125,0.45699999999999996,108.47200000000001
808 incomplete,0.594,0.6395,3.0,-7.6225,1.0,0.0442,0.11180000000000001,0.000824,0.09605,0.3655,111.9945
809 loved you to the max,0.48,0.443,6.0,-9.485,1.0,0.032,0.0993,0.0189,0.115,0.358,115.34
81 slowing down,0.6779999999999999,0.632,5.5,-6.8835,0.0,0.28600000000000003,0.1455,0.0,0.1365,0.4975,105.404
810 i forgive you,0.558,0.5545,6.5,-7.8805,1.0,0.03135,0.272,0.00128085,0.1255,0.5345,137.2515
811 changed everything,0.478,0.311,5.0,-13.7895,1.0,0.035199999999999995,0.765,0.02965,0.108,0.34199999999999997,120.674
812 spiraling,0.5714999999999999,0.6094999999999999,3.0,-6.2780000000000005,1.0,0.02955,0.279,1.285e-05,0.10395,0.4575,89.931
813 wait for your love,0.6455,0.4365,5.0,-9.297,1.0,0.0494,0.4125,0.004912,0.10300000000000001,0.2495,119.87899999999999
814 shift shapes,0.5775,0.5680000000000001,2.0,-8.475,1.0,0.03135,0.3405,0.17989999999999998,0.1155,0.381,126.05349999999999
815 flying,0.688,0.483,5.5,-7.7425,0.5,0.08705,0.411,1.0765e-05,0.12,0.3225,120.003
816 hard to love,0.632,0.378,2.0,-9.077,1.0,0.0689,0.729,0.000996,0.131,0.309,125.887
817 can't believe,0.6205,0.5409999999999999,5.0,-10.6875,1.0,0.04445,0.6635,0.0911,0.1095,0.25,120.9925
818 switch it up,0.619,0.558,5.0,-8.003,0.5,0.06835,0.07225000000000001,0.0008730000000000001,0.122,0.482,112.9765
819 love me to death,0.519,0.3255,4.5,-10.1745,1.0,0.0316,0.6685,0.00261,0.1135,0.237,108.9425
82 suitcase,0.5800000000000001,0.749,5.5,-5.8795,0.5,0.0392,0.06265,0.0006320000000000001,0.187,0.495,125.2575
820 surrender,0.63,0.507,7.0,-7.182,1.0,0.0355,0.394,0.00028,0.0987,0.605,116.712
821 couldn't tell you,0.556,0.5405,2.0,-9.178999999999998,1.0,0.0357,0.278,0.12664999999999998,0.1205,0.3945,118.992
822 classical virtue,0.5589999999999999,0.494,5.0,-10.3705,1.0,0.02995,0.5185,0.0031644999999999998,0.123,0.5265,110.27199999999999
823 already lost,0.532,0.624,5.5,-9.469000000000001,1.0,0.033049999999999996,0.22525,0.12555,0.3015,0.5125,115.5805
824 mirror,0.6645000000000001,0.7210000000000001,6.0,-6.9605,0.0,0.04895,0.03785,0.07264999999999999,0.14100000000000001,0.39849999999999997,125.49000000000001
825 my mistake,0.632,0.626,5.0,-6.949,1.0,0.11005000000000001,0.3625,3.6035e-05,0.1145,0.616,109.7405
826 running in circles,0.635,0.5455,8.0,-8.5785,1.0,0.04425,0.45499999999999996,0.0047150000000000004,0.1075,0.472,134.45749999999998
827 just fine,0.481,0.8414999999999999,6.5,-6.697,1.0,0.04345,0.0033150000000000002,0.4865,0.124,0.404,134.94650000000001
828 more than i can give,0.5515,0.3045,3.0,-11.808499999999999,1.0,0.0343,0.859,8.499999999999999e-05,0.119,0.238,106.592
829 crush,0.6785000000000001,0.7424999999999999,8.0,-7.0855,1.0,0.0431,0.0453,0.05935,0.214,0.775,111.999
83 love was a currency,0.63,0.593,6.0,-7.151,1.0,0.0406,0.0281,0.00407,0.112,0.289,117.999
830 if i let you go,0.676,0.5675,2.0,-7.604,1.0,0.02945,0.1105,0.0345,0.09445,0.4415,116.0665
831 if it's forever,0.716,0.54,7.0,-8.237,1.0,0.0381,0.495,0.00143,0.131,0.546,115.028
832 might as well,0.572,0.4625,7.0,-9.822,1.0,0.03715,0.7215,0.00020375,0.1195,0.42600000000000005,96.0535
833 silverlake,0.5645,0.5545,3.5,-8.811,1.0,0.032,0.1375,0.046385,0.133,0.5435000000000001,113.621
834 heartbreak,0.642,0.694,7.0,-7.14,1.0,0.0373,0.274,1.18e-05,0.105,0.709,114.831
835 maybe tomorrow,0.618,0.4475,5.0,-9.011,1.0,0.0407,0.5660000000000001,0.00502,0.0901,0.428,93.097
836 coming around,0.61,0.663,8.5,-7.9255,1.0,0.0509,0.2455,0.0172,0.111,0.425,119.625
837 no pretending,0.598,0.4255,4.5,-12.2235,0.5,0.04475,0.7150000000000001,0.13,0.108,0.4345,101.11850000000001
838 ride for you,0.6805,0.713,6.0,-7.1495,0.5,0.0556,0.0616,0.10865000000000001,0.11649999999999999,0.502,125.62899999999999
839 just friends,0.7335,0.7215,3.5,-5.522,1.0,0.0432,0.1855,0.00268,0.126,0.6575,126.51849999999999
84 the grand façade,0.587,0.645,4.0,-6.99,1.0,0.0366,0.225,0.00641,0.11,0.541,124.02
840 it falls apart,0.475,0.567,7.0,-9.485,1.0,0.0307,0.0993,0.000109,0.209,0.362,143.819
840 pretty woman,0.665,0.6355,4.5,-7.1035,0.0,0.0879,0.06889999999999999,2.965e-06,0.1255,0.501,137.9135
841 promise i'm better,0.7015,0.636,6.5,-6.531000000000001,0.0,0.0324,0.122,0.00929,0.1085,0.464,93.501
842 what did you expect,0.603,0.683,6.0,-6.66,0.0,0.065,0.263,0.00669,0.167,0.64,123.028
85 bonafide,0.7455,0.5465,4.5,-7.186,0.0,0.1925,0.1182,7.425e-06,0.185,0.424,123.52850000000001
86 my element,0.733,0.705,5.5,-7.122,0.0,0.193,0.2405,3.5950000000000003e-06,0.16399999999999998,0.483,117.4915
87 resist the pull,0.6455,0.653,6.5,-6.7555,1.0,0.04025,0.020649999999999998,9.209999999999999e-05,0.0838,0.535,117.03800000000001
88 beneath the rising sun,0.55,0.692,6.0,-7.032,1.0,0.0373,0.153,0.00619,0.0971,0.582,114.512
89 the point of no return,0.5569999999999999,0.604,5.0,-8.583,1.0,0.046799999999999994,0.149,0.041495,0.11499999999999999,0.387,122.465
90 growing pains/good times,0.5535,0.645,7.5,-8.318999999999999,0.5,0.05405,0.039400000000000004,0.008845,0.1555,0.315,110.5025
91 bribe the door,0.615,0.704,5.0,-6.628,0.0,0.0532,0.0778,2.57e-06,0.115,0.382,113.974
92 the big city,0.635,0.72,3.0,-5.726,1.0,0.049,0.121,0.00504,0.13,0.372,114.008
93 she was beautiful,0.544,0.443,7.0,-8.995,1.0,0.0341,0.329,0.000225,0.115,0.307,133.944
94 pacito a pacito,0.6755,0.6915,6.5,-6.297499999999999,0.5,0.20400000000000001,0.0808,0.0,0.142,0.544,137.65449999999998
95 time's up,0.6094999999999999,0.7145,1.5,-6.2555,1.0,0.20800000000000002,0.06975,0.0,0.1285,0.5075000000000001,107.07900000000001
96 curse the sun,0.632,0.6625000000000001,6.0,-8.679,1.0,0.05835,0.23199999999999998,0.005005,0.09035,0.4845,115.019
97 rejoice,0.6765,0.734,8.0,-5.923,0.5,0.1265,0.11955,2.565e-06,0.121,0.346,117.53399999999999
98 the shape we make,0.603,0.509,4.0,-6.824,1.0,0.0341,0.371,0.000197,0.109,0.572,121.032
99 morphine,0.537,0.537,7.5,-8.1075,0.0,0.0379,0.09455,0.328,0.1285,0.36,103.719
